-- phpMyAdmin SQL Dump
-- version 4.6.4
-- https://www.phpmyadmin.net/
--
-- Host: 127.0.0.1
-- Generation Time: Jan 03, 2017 at 06:19 PM
-- Server version: 5.7.14
-- PHP Version: 5.6.25

SET FOREIGN_KEY_CHECKS=0;
SET SQL_MODE = "NO_AUTO_VALUE_ON_ZERO";
SET time_zone = "+00:00";


/*!40101 SET @OLD_CHARACTER_SET_CLIENT=@@CHARACTER_SET_CLIENT */;
/*!40101 SET @OLD_CHARACTER_SET_RESULTS=@@CHARACTER_SET_RESULTS */;
/*!40101 SET @OLD_COLLATION_CONNECTION=@@COLLATION_CONNECTION */;
/*!40101 SET NAMES utf8mb4 */;

--
-- Database: `techinterview`
--

-- --------------------------------------------------------

--
-- Table structure for table `answer`
--

DROP TABLE IF EXISTS `answer`;
CREATE TABLE `answer` (
  `id` int(11) NOT NULL,
  `id_question` int(11) DEFAULT NULL,
  `answer` varchar(500) DEFAULT NULL
) ENGINE=InnoDB DEFAULT CHARSET=utf8;

--
-- Dumping data for table `answer`
--

INSERT INTO `answer` (`id`, `id_question`, `answer`) VALUES
(1, 3, 'Intent'),
(2, 3, 'Content Provider'),
(3, 3, 'Broadcast receiver'),
(4, 3, 'None of the Above'),
(5, 4, 'Linear Layout'),
(6, 4, 'Frame Layout'),
(7, 4, 'Relative Layout'),
(8, 4, 'All of above'),
(9, 5, 'Activity performs the actions on the screen'),
(10, 5, 'Manage the Application content'),
(11, 5, 'Screen UI'),
(12, 5, 'None of the above'),
(13, 6, 'Not possible'),
(14, 6, 'Wrong question'),
(15, 6, 'Yes, it is possible'),
(16, 6, 'None of the above'),
(18, 7, 'Villamos'),
(19, 8, 'mint a megvadult bika'),
(20, 9, 'keleti küzdősporttal'),
(21, 10, 'négy'),
(22, 11, 'szakszervezetek'),
(23, 12, 'huncutka'),
(24, 13, 'tonban'),
(25, 14, 'korsóvívő'),
(26, 15, 'George'),
(27, 16, 'id. Bókay János'),
(28, 17, 'obsitos'),
(29, 18, 'Thuramot'),
(30, 19, 'a születési helyük'),
(31, 20, 'Siófok'),
(32, 21, 'Paulinho'),
(33, 22, 'hímzett zseb'),
(34, 23, 'tanítvány'),
(35, 24, 'Kovácséknál'),
(36, 25, 'sóhaj'),
(37, 26, 'sztrapacska'),
(38, 27, 'hód'),
(39, 28, 'Michael Jackson'),
(40, 29, 'a patakban'),
(41, 30, 'a növénynemesítéseknél'),
(42, 31, 'pályázaton'),
(43, 32, 'Csók István'),
(44, 33, 'Pete Sampras'),
(45, 34, 'Szörényi Levente'),
(46, 35, 'Szkanderben lenyomta'),
(47, 36, 'kan'),
(48, 37, 'elporlad'),
(49, 38, 'Bokorugró'),
(50, 39, 'Jordan'),
(51, 40, 'űrkutatással'),
(52, 41, 'sárga'),
(53, 42, 'elválik'),
(54, 43, 'bélszín'),
(55, 44, 'éremgyűjteményeket'),
(56, 45, 'kockákkal'),
(57, 46, 'George Gershwin'),
(58, 47, 'túl messze'),
(59, 48, 'kelevéz'),
(60, 49, 'sevró'),
(61, 50, 'anyósnyelv'),
(62, 51, 'Asszíriát'),
(63, 52, 'rózsaszínt'),
(64, 53, 'Bering'),
(65, 54, 'Jordánia'),
(66, 55, 'a fékbetétet'),
(67, 56, 'Fernán Cabailero'),
(68, 57, 'kaszinó'),
(69, 58, 'Wasserkopf'),
(70, 59, 'pikk'),
(71, 60, 'így kér enni'),
(72, 61, 'hálóköntöst'),
(73, 62, 'retek'),
(74, 63, 'Los Angelesben'),
(75, 64, 'klónozással'),
(76, 65, 'Los Angeles'),
(77, 66, 'szamojéd'),
(78, 67, 'egy téli pulóvert'),
(79, 68, 'Ausztrália'),
(80, 69, 'Kelet Népe'),
(81, 70, 'angol'),
(82, 71, 'egy krajcárt'),
(83, 72, 'jegenye'),
(84, 73, 'a láb'),
(85, 74, 'Müchenben'),
(86, 75, 'barnasör-fajta'),
(87, 76, 'ultrahanggal'),
(88, 77, 'digitális képet'),
(89, 78, 'aki kerékpárt tol'),
(90, 79, 'leesik'),
(91, 80, 'bikatej'),
(92, 81, 'amforában'),
(93, 82, 'A vadászebekrűl'),
(94, 83, 'leva'),
(95, 84, 'Szókratész'),
(96, 85, 'dohány'),
(97, 86, 'barokk'),
(98, 87, 'vége'),
(99, 88, 'Magyar Testnevelési Klub'),
(100, 89, 'Ecuador'),
(101, 90, 'San Franciscoban'),
(102, 91, 'Döntsd be!'),
(103, 92, 'homlokfa'),
(104, 93, 'a bírói kalapács neve'),
(105, 94, 'rizspálinka főzésére'),
(106, 95, 'sóval'),
(107, 96, 'Andrássy Gyula'),
(108, 97, 'Madách Színház'),
(109, 98, 'moha'),
(110, 99, 'nyereg alatt'),
(111, 100, 'a feleségek'),
(112, 101, 'rézből'),
(113, 102, 'záporos'),
(114, 103, 'Otello'),
(115, 104, 'szárazságtűrés'),
(116, 105, 'konvent'),
(117, 106, 'Sárdy János'),
(118, 107, 'legfeljebb 15 km/óra'),
(119, 108, 'Illések és pofonok'),
(120, 109, 'éles'),
(121, 110, 'nandu'),
(122, 111, 'Guatemala'),
(123, 112, 'a serdülő csirkét'),
(124, 113, 'a favágó céh inasai'),
(125, 114, 'Gorcsev Iván'),
(126, 115, 'vízilabdában'),
(127, 116, 'Morrigan'),
(128, 117, 'Oroszország'),
(129, 118, 'Demokrácia!'),
(130, 119, 'John Lennon'),
(131, 120, 'zöldborsó'),
(132, 121, 'a torreádorok cipőjét'),
(133, 122, 'Bulgáriát'),
(134, 123, 'kutyaszőrös'),
(135, 124, 'polarográfia'),
(136, 125, 'Vlagyimír'),
(137, 126, 'a bika'),
(138, 127, 'Himnusz'),
(139, 128, 'Batthyány'),
(140, 129, 'hűséges'),
(141, 130, 'a disznósajtot'),
(142, 131, 'díszszázad'),
(143, 132, 'Eritrea'),
(144, 133, 'Botswana'),
(145, 134, 'egy juhfajtáról'),
(146, 135, 'áfonya'),
(147, 136, 'Kínából'),
(148, 137, 'Diana Ross'),
(149, 138, 'gótikus'),
(150, 139, 'gólya'),
(151, 140, 'Leticia Calderón'),
(152, 141, 'Erkel Ferenc'),
(153, 142, 'fegyvert'),
(154, 143, 'a Ferihegyen'),
(155, 144, 'lószerszámként'),
(156, 145, 'sárga'),
(157, 146, 'Franciaország'),
(158, 147, 'a száráért'),
(159, 148, 'a hal'),
(160, 149, 'bit'),
(161, 150, 'A sokk'),
(162, 151, 'Eric Idle'),
(163, 152, 'József'),
(164, 153, 'rózsaszínűre'),
(165, 154, 'szemünk'),
(166, 155, 'totótippekkel'),
(167, 156, 'török nyalánkság'),
(168, 157, 'Ádám'),
(169, 158, 'Színészdal'),
(170, 159, 'a Dél-afrikai Köztársaságban'),
(171, 160, 'bencések'),
(172, 161, 'hadügy'),
(173, 162, 'ékszerész'),
(174, 163, 'égtájak'),
(175, 164, 'párolt'),
(176, 165, 'a Felvidékről'),
(177, 166, 'ugróegereket'),
(178, 167, 'Dunáról'),
(179, 168, 'műgyantát'),
(180, 169, 'gépkocsi'),
(181, 170, 'a fűszerek'),
(182, 171, 'dáma'),
(183, 172, 'földön kívüli űrhajó'),
(184, 173, 'Goldoni'),
(185, 174, 'Burma'),
(186, 175, 'csattanó'),
(187, 176, 'tangó'),
(188, 177, 'megszabadul a potyautastól'),
(189, 178, 'zongora'),
(190, 179, 'uborka'),
(191, 180, 'Illovszky Rudolf'),
(192, 181, 'Tarna'),
(193, 182, 'kandela'),
(194, 183, 'pandúrleső'),
(195, 184, 'koktélt'),
(196, 185, 'előnytelenül'),
(197, 186, 'Honore de Balzac'),
(198, 187, 'növény'),
(199, 188, 'az eszkimók'),
(200, 189, 'Nagy-Viktória -sivatag'),
(201, 190, 'Albrecht Dürer'),
(202, 191, 'Aranykoporsó'),
(203, 192, 'kerékpár-abroncsként'),
(204, 193, 'Werner Heisenberg'),
(205, 194, 'a légi teret és a világűrt'),
(206, 195, 'mami'),
(207, 196, 'korpa'),
(208, 197, 'fiához'),
(209, 198, 'svéd'),
(210, 199, 'Solti János'),
(211, 200, 'Máltán'),
(212, 201, 'egy édességfajtát'),
(213, 202, 'Teller Edét'),
(214, 203, 'Greta Garbo'),
(215, 204, 'a kánász segédjét'),
(216, 205, 'kökörcsines'),
(217, 206, 'Kon-Tiki'),
(218, 207, 'szerzetesrendről'),
(219, 208, 'boglárka'),
(220, 209, 'dinoszaurusz'),
(221, 210, 'Kossuth Lajos'),
(222, 211, 'Kim Basinger'),
(223, 212, 'Rudenz Ulrich'),
(224, 213, 'esőáztatta'),
(225, 214, 'nagyzolni'),
(226, 215, 'Mexikó'),
(227, 216, 'a brómot'),
(228, 217, 'a honfoglalás útvonalát'),
(229, 218, 'vitorlás hajót'),
(230, 219, 'egy római istenről'),
(231, 220, 'egy hónapos koráig'),
(232, 221, 'az óriás'),
(233, 222, 'Phil Collins'),
(234, 223, '10-es'),
(235, 224, 'Grimm-testvérek'),
(236, 225, 'cifra'),
(237, 226, 'lóversenyek helyezéseit'),
(238, 227, 'palackorrú delfin'),
(239, 228, 'a torpedóról'),
(240, 229, 'juhar'),
(241, 230, 'Kaposváron'),
(242, 231, 'az apóst'),
(243, 232, 'Szent István székesegyház'),
(244, 233, 'Fonográf'),
(245, 234, 'Nagy Sándort'),
(246, 235, 'asztaliteniszben'),
(247, 236, 'suszterinas'),
(248, 237, 'lova'),
(249, 238, 'operaelőadásairól'),
(250, 239, 'dingi'),
(251, 240, 'cimbalom'),
(252, 241, 'szarvasbogár'),
(253, 242, 'Tarsusban'),
(254, 243, 'közép-afrikai törzs'),
(255, 244, 'rézágyúról'),
(256, 245, 'tyúkhúslevest'),
(257, 246, 'Szajna'),
(258, 247, 'Pink Floyd'),
(259, 248, 'Franciaország'),
(260, 249, 'ő volt az első igazgatója'),
(261, 250, 'pálcika'),
(262, 251, '7'),
(263, 252, 'Sir Alexander Fleming'),
(264, 253, 'Barcelona'),
(265, 254, 'Sean Connery'),
(266, 255, 'Scott Joplin'),
(267, 256, 'a bölény fia'),
(268, 257, 'a Louvre bezárására'),
(269, 258, 'Céllövölde'),
(270, 259, 'amikor felpróbálja'),
(271, 260, 'Lotz Károly'),
(272, 261, 'a Rigolettót'),
(273, 262, 'Lord Mayor'),
(274, 263, 'Hamlet'),
(275, 264, 'Stockholm'),
(276, 265, 'egy félhold'),
(277, 266, 'a kotnyeles szomszéd'),
(278, 267, 'motorozásra'),
(279, 268, 'tizes'),
(280, 269, 'zongora'),
(281, 270, 'AC/DC'),
(282, 271, 'a Lewinsky-ügyről'),
(283, 272, 'Ozirisz'),
(284, 273, 'a gyömbért'),
(285, 274, 'Kajdi János'),
(286, 275, 'lóg a pénzeső lába'),
(287, 276, 'kuruc'),
(288, 277, 'új merevlemezt'),
(289, 278, 'bírkózás'),
(290, 279, 'bűntetőeszköz'),
(291, 280, 'Sri Lanka'),
(292, 281, 'tölcsér'),
(293, 282, 'csoda'),
(294, 283, 'gyújtózsinór'),
(295, 284, 'Cipő'),
(296, 285, 'egy ókori versfajtát'),
(297, 286, 'az Északi-sarkon'),
(298, 287, 'fekete'),
(299, 288, 'Liszt Ferenc'),
(300, 289, 'sas'),
(301, 290, 'fül'),
(302, 291, 'érsek'),
(303, 292, 'levelét'),
(304, 293, 'mezei virágot'),
(305, 294, 'medve'),
(306, 295, 'festő'),
(307, 296, 'családjáról'),
(308, 297, 'bankba'),
(309, 298, 'mandarin'),
(310, 299, 'fonás'),
(311, 300, 'Puhl Sándor'),
(312, 301, 'a Balaton'),
(313, 302, 'Galamb József'),
(314, 303, 'csupros'),
(315, 304, 'kék'),
(316, 305, 'desdemona'),
(317, 306, 'női fehérneműt'),
(318, 307, 'sasok'),
(319, 308, 'torokgyík'),
(320, 309, 'gyorsúszásban'),
(321, 310, 'Brahms'),
(322, 311, 'Pocahontas'),
(323, 312, 'Horvátország'),
(324, 313, 'ütőst'),
(325, 314, 'Nevada'),
(326, 315, 'Scipio'),
(327, 316, 'Badacsonyba'),
(328, 317, 'a büfé mögé'),
(329, 318, 'orrszarvú'),
(330, 319, 'javított eszperantó'),
(331, 320, 'Kispest Honvéd'),
(332, 321, 'kivi'),
(333, 322, 'Déli pályaudvar'),
(334, 323, 'Benedek Tibor'),
(335, 324, 'Peszah'),
(336, 325, 'füge'),
(337, 326, 'ritka'),
(338, 327, 'az égellenállás'),
(339, 328, 'a suméroké'),
(340, 329, 'hindu'),
(341, 330, 'tejfog'),
(342, 331, 'Brazília'),
(343, 332, 'kutya'),
(344, 333, 'kvarc'),
(345, 334, 'narancs'),
(346, 335, 'Attila'),
(347, 336, 'egypúpú teve'),
(348, 337, 'Bulgáriában'),
(349, 338, 'Bordeaux'),
(350, 339, 'Norvégia'),
(351, 340, 'a fogé'),
(352, 341, 'Fazekas László'),
(353, 342, 'az eke szarva'),
(354, 343, 'Szent Lászlóról'),
(355, 344, 'katalizátor'),
(356, 345, 'India'),
(357, 346, 'Mary'),
(358, 347, 'ötven aranyért'),
(359, 348, 'A majmok és mi'),
(360, 349, 'a sógorságot'),
(361, 350, 'az amerikai elnököt'),
(362, 351, 'elefántokról'),
(363, 352, 'az Adriai-tengerbe'),
(364, 353, '3.14'),
(365, 354, 'újfajta szerencsejáték'),
(366, 355, 'víziló'),
(367, 356, 'Argentína'),
(368, 357, 'ló'),
(369, 358, 'szívünket'),
(370, 359, 'könyvel'),
(371, 360, 'a pedagógusokat'),
(372, 361, 'Victor Hugo'),
(373, 362, 'szitár'),
(374, 363, 'Visszaemlékezések'),
(375, 364, 'mongol kánok'),
(376, 365, 'egy élmunkás szerelőről'),
(377, 366, 'fekete'),
(378, 367, 'atom-tengeralattjáróról'),
(379, 368, 'Keljünk útra!'),
(380, 369, 'úgy kaszál'),
(381, 370, 'lekvárt'),
(382, 371, 'Nyulak szigete'),
(383, 372, 'uszálya'),
(384, 373, 'az avoni hattyú'),
(385, 374, 'gall'),
(386, 375, 'kecsketejből'),
(387, 376, '50000'),
(388, 377, 'Macskák'),
(389, 378, 'bikini'),
(390, 379, 'Bécs'),
(391, 380, 'gleccser'),
(392, 381, 'nadrágszár'),
(393, 382, 'egyet'),
(394, 383, 'Csipkerózsikáról'),
(395, 384, 'Uránusz'),
(396, 385, 'Málta'),
(397, 386, 'Keszthely'),
(398, 387, 'Az orleans-i szűz'),
(399, 388, 'töpörtyűt töpörtyűvel'),
(400, 389, 'üveggyártásra'),
(401, 390, '28 nap'),
(402, 391, 'búzát'),
(403, 392, 'derékbőség'),
(404, 393, 'űrobjektumok tanulmányozására'),
(405, 394, 'Sztálin'),
(406, 395, 'Rangoon'),
(407, 396, 'Madácscsal'),
(408, 397, 'birkózás'),
(409, 398, 'mediterrán növény'),
(410, 399, 'talon'),
(411, 400, 'sertés'),
(412, 401, 'lövésre'),
(413, 402, 'Jangce'),
(414, 403, 'Luna-1'),
(415, 404, 'dohánylevél'),
(416, 405, 'Dél-Amerikában'),
(417, 406, 'joule'),
(418, 407, 'Libéria'),
(419, 408, 'Szakasits Árpád'),
(420, 409, 'hernyótalp'),
(421, 410, 'viza'),
(422, 411, 'kisminkelték'),
(423, 412, 'Csillagvárosban'),
(424, 413, 'tíz'),
(425, 414, 'kutyából'),
(426, 415, 'Warrenné mestersége'),
(427, 416, 'nyelvújítással'),
(428, 417, 'a koponyáé'),
(429, 418, 'Szudán'),
(430, 419, 'búcsúpoharat'),
(431, 420, 'ötvenkettő'),
(432, 421, 'gyapjú'),
(433, 422, 'rendezvényszervezők'),
(434, 423, 'A nyomorultak'),
(435, 424, 'a villámhárítót'),
(436, 425, 'trappista'),
(437, 426, 'egy kommunista sejt'),
(438, 427, 'kék'),
(439, 428, 'a páduai templomban'),
(440, 429, 'Pápán'),
(441, 430, 'laktóz'),
(442, 431, 'Tokióban'),
(443, 432, 'cégér'),
(444, 433, 'viador'),
(445, 434, 'Toldi'),
(446, 435, 'vőlegények'),
(447, 436, 'havonta'),
(448, 437, 'libasültet'),
(449, 438, 'lándzsával a kezében'),
(450, 439, 'Kínában'),
(451, 440, 'Arno'),
(452, 441, 'pávián'),
(453, 442, 'pitbull'),
(454, 443, 'Los Angeles'),
(455, 444, 'sakkozóról'),
(456, 445, 'a csaposok kötényét'),
(457, 446, 'üdítőital készítésére'),
(458, 447, 'Gutenberg János'),
(459, 448, 'a tengerekben'),
(460, 449, '1989-ben'),
(461, 450, 'lehet'),
(462, 451, 'a Lincoln hadihajón'),
(463, 452, 'Hollandia'),
(464, 453, 'egy farkas'),
(465, 454, 'hinajána'),
(466, 455, 'orra'),
(467, 456, 'országjárást'),
(468, 457, 'sólyom'),
(469, 458, 'Lánchíd'),
(470, 459, 'tűzoltók'),
(471, 460, 'Verdi: Traviata'),
(472, 461, 'Las Vegasban'),
(473, 462, 'száz'),
(474, 463, 'tatu'),
(475, 464, 'Özvegy és leánya'),
(476, 465, 'egy kisebb vagyont'),
(477, 466, 'Margit híd'),
(478, 467, 'elő'),
(479, 468, 'parlagtábla'),
(480, 469, 'cukahara'),
(481, 470, 'Shakespeare'),
(482, 471, 'Makónál'),
(483, 472, 'a Marsra'),
(484, 473, 'január'),
(485, 474, 'Zakariás'),
(486, 475, 'a krokett'),
(487, 476, 'Agrippina'),
(488, 477, 'a nektár'),
(489, 478, 'Isztambul'),
(490, 479, 'pávaszem'),
(491, 480, 'Párizsban'),
(492, 481, 'Rákóczi'),
(493, 482, 'sertés'),
(494, 483, 'Vasvári Pált'),
(495, 484, 'Miltiadész'),
(496, 485, 'a Nemzeti Múzeumban'),
(497, 486, 'a virágzata'),
(498, 487, 'show-man'),
(499, 488, 'vadásznak vele'),
(500, 489, 'Firenze'),
(501, 490, 'dzsámiban'),
(502, 491, 'Ava Gardnert'),
(503, 492, '"Franciaország'),
(504, 493, 'híd úttestjén'),
(505, 494, 'Karamcsand Gandhi'),
(506, 495, 'A herceg szerelmes'),
(507, 496, 'az utcai hírlapárust'),
(508, 497, 'fagylaltkészítésre'),
(509, 498, 'Kisalföldet-Nagyalföldet'),
(510, 499, 'galamb'),
(511, 500, '22'),
(512, 501, 'Michelangelo'),
(513, 502, 'Al Oerter'),
(514, 503, 'chipekből'),
(515, 504, 'XVI. Lajos'),
(516, 505, 'Vácott'),
(517, 506, 'Kérd meg az anyját'),
(518, 507, 'hiéna'),
(519, 508, 'mosodákban'),
(520, 509, 'a pókerban'),
(521, 510, 'Utah Jazz'),
(522, 511, 'Nagy Ferenc'),
(523, 512, 'Julianus barát'),
(524, 513, 'Beatrice'),
(525, 514, 'Békés megyében'),
(526, 515, 'Eufrozina'),
(527, 516, 'vonaton'),
(528, 517, 'testvér'),
(529, 518, 'geocentrikus'),
(530, 519, 'koronázás'),
(531, 520, 'nyergeld a lovadat!'),
(532, 521, 'bíborkagyló'),
(533, 522, 'Alabama'),
(534, 523, 'Magellántól'),
(535, 524, 'Boleyn Anna'),
(536, 525, 'szaracén'),
(537, 526, 'a New York-i filharmónikusok'),
(538, 527, 'kocsikázik'),
(539, 528, 'igen kedvelt'),
(540, 529, 'Bastille'),
(541, 530, 'kenu'),
(542, 531, 'bíróságra'),
(543, 532, 'Uránusz'),
(544, 533, 'fóka'),
(545, 534, 'veréb-túzok'),
(546, 535, 'afrikai ügetőmadár'),
(547, 536, 'bél'),
(548, 537, 'Egérfogó'),
(549, 538, 'mindet'),
(550, 539, 'közjáték'),
(551, 540, 'főzéshez'),
(552, 541, 'karavánút'),
(553, 542, 'az erényöv nyitója'),
(554, 543, 'homok'),
(555, 544, 'farkasok'),
(556, 545, 'zöldséget'),
(557, 546, 'gumi'),
(558, 547, 'kílbót'),
(559, 548, 'Bizet: Carmen'),
(560, 549, 'Tenochtitlan'),
(561, 550, 'sapkán bojtot'),
(562, 551, 'Balatonalmádiban'),
(563, 552, 'Medvebocs'),
(564, 553, 'Greenwich'),
(565, 554, 'higany'),
(566, 555, 'kajakozás'),
(567, 556, 'dunna alatt'),
(568, 557, 'Amarillisz'),
(569, 558, 'varjak'),
(570, 559, 'tobozban'),
(571, 560, 'egy hónap'),
(572, 561, 'kacsa'),
(573, 562, 'isten hozott'),
(574, 563, 'Mercury'),
(575, 564, 'lovak idomítására'),
(576, 565, 'Velence'),
(577, 566, 'Brahms'),
(578, 567, 'Kheopsz'),
(579, 568, 'árvacsalán'),
(580, 569, 'macskabajusz'),
(581, 570, 'Baselba'),
(582, 571, 'Sasad SE'),
(583, 572, 'a motor hengereit'),
(584, 573, 'bocsánatot kér'),
(585, 574, '"bár fájó'),
(586, 575, 'borsikafűből'),
(587, 576, 'Kis Pipin'),
(588, 577, 'a szitakötőnek'),
(589, 578, 'a jóllakott tehénnek'),
(590, 579, 'pékinas első sütése'),
(591, 580, 'pénzt'),
(592, 581, 'Thomas Alva Edison'),
(593, 582, 'Puskás Ferenc'),
(594, 583, 'Tom Hanks'),
(595, 584, 'Jászberényben'),
(596, 585, 'Betszábéval'),
(597, 586, 'faodúkban'),
(598, 587, 'Steve Ovett'),
(599, 588, 'a pajzsmirigy'),
(600, 589, 'Apokalipszis most'),
(601, 590, 'macskák'),
(602, 591, 'kicsi'),
(603, 592, 'őr'),
(604, 593, 'énekelt benne'),
(605, 594, 'a metszőfogai'),
(606, 595, 'Zeusz palotáját'),
(607, 596, 'Kittenberger Kálmánról'),
(608, 597, 'CT - készülék'),
(609, 598, 'egy hóhér'),
(610, 599, 'Lausanne'),
(611, 600, 'Borisz Szpasszkij'),
(612, 601, 'tücsköt-bogarat'),
(613, 602, 'a parlamentben'),
(614, 603, 'halálos'),
(615, 604, 'súgólyukat'),
(616, 605, 'bugyelláris'),
(617, 606, 'sólyom'),
(618, 607, 'C.O.M.E.'),
(619, 608, 'a Vénuszon'),
(620, 609, 'Székesfehérváron'),
(621, 610, 'X. Pius pápa'),
(622, 611, 'négy méterről'),
(623, 612, 'a Time Square-en'),
(624, 613, 'koala'),
(625, 614, 'a miniszterelnököt'),
(626, 615, 'Julius Caesarnak'),
(627, 616, 'kacsalábból'),
(628, 617, 'Londonban'),
(629, 618, 'az iskolában'),
(630, 619, 'cukrászmester'),
(631, 620, 'Móricz Zsigmond'),
(632, 621, 'környezetszennyező'),
(633, 622, 'Monaco'),
(634, 623, 'fafúvós hangszer'),
(635, 624, 'ha megnyerte a játékot'),
(636, 625, 'Queen Elisabeth'),
(637, 626, 'gálya'),
(638, 627, 'gőzelefánt'),
(639, 628, 'Washington'),
(640, 629, 'tigris'),
(641, 630, 'Potsdam'),
(642, 631, 'D vitamin'),
(643, 632, 'Grósz Károly'),
(644, 633, 'pontyok'),
(645, 634, 'Vasököl'),
(646, 635, 'Táncsics Mihályt'),
(647, 636, 'Télminátor II.'),
(648, 637, 'a Hármashatár-hegy'),
(649, 638, 'ánizzsal'),
(650, 639, 'kivert'),
(651, 640, 'a rókáét'),
(652, 641, 'WHO'),
(653, 642, 'török'),
(654, 643, 'India'),
(655, 644, 'UEFA'),
(656, 645, 'Zágráb'),
(657, 646, 'német'),
(658, 647, 'A Láthatatlan Légió'),
(659, 648, 'Újkapu városáról'),
(660, 649, 'Graham Bell'),
(661, 650, 'Rómában'),
(662, 651, 'huszonötöt'),
(663, 652, 'Kopernikusz'),
(664, 653, 'apja portréja'),
(665, 654, 'trolibuszt'),
(666, 655, '"Játszd újra'),
(667, 656, 'hernyózás'),
(668, 657, 'kukoricán térdeltetni'),
(669, 658, 'kótyonfitty'),
(670, 659, 'Istvánt'),
(671, 660, 'pestis'),
(672, 661, 'három'),
(673, 662, 'Barta Tamás'),
(674, 663, 'összesűrűsödik az agya'),
(675, 664, 'kikapós'),
(676, 665, 'táncosok farkasa'),
(677, 666, 'számoláskor'),
(678, 667, 'kötélverésre'),
(679, 668, 'Danaé'),
(680, 669, 'vadló'),
(681, 670, 'a Brit Oroszlán'),
(682, 671, 'dzsör-zé-szok-nya'),
(683, 672, 'kutya'),
(684, 673, 'keselyűről'),
(685, 674, 'a pénz'),
(686, 675, 'szerencsejátékot'),
(687, 676, 'Arab Emírségek'),
(688, 677, 'kiszáradt'),
(689, 678, 'Csodacsapat'),
(690, 679, 'Bimm-Bamm'),
(691, 680, 'Sherlock Holmes'),
(692, 681, 'Levedi'),
(693, 682, 'Daidalosz'),
(694, 683, 'kilómétert'),
(695, 684, 'egy hajóskapitányról'),
(696, 685, 'a hóhért'),
(697, 686, 'Paul McCartney'),
(698, 687, 'Amerikai Egyesült Államok'),
(699, 688, 'birkózás'),
(700, 689, 'kereskedelmi'),
(701, 690, 'nyolcat'),
(702, 691, 'Oidipusz'),
(703, 692, 'Heinrich Hertz'),
(704, 693, 'Piripócsra'),
(705, 694, 'gepida'),
(706, 695, 'birkahús sütésére'),
(707, 696, 'egy körtét'),
(708, 697, 'alumínium-nitrát'),
(709, 698, 'kisbetűvel írták a nevét'),
(710, 699, 'Spárta'),
(711, 700, 'dátumozott'),
(712, 701, 'Küküllő'),
(713, 702, 'Radetzkyt'),
(714, 703, 'Belgium'),
(715, 704, 'üstökös'),
(716, 705, 'a Sváb-hegyen'),
(717, 706, 'baktériumok'),
(718, 707, 'Gorsium'),
(719, 708, 'villamos'),
(720, 709, 'a maga portája'),
(721, 710, 'Berényi'),
(722, 711, 'minimál ár'),
(723, 712, 'Csárdáskirálynő'),
(724, 713, 'Kenya'),
(725, 714, 'Szent Benedek'),
(726, 715, 'Joschka Fischer'),
(727, 716, 'Rajna'),
(728, 717, 'zuzmó'),
(729, 718, 'vaj'),
(730, 719, 'magyar nyelvű Biblia'),
(731, 720, 'keserű'),
(732, 721, 'egyiptomiak'),
(733, 722, 'Anglia'),
(734, 723, 'Paprika'),
(735, 724, 'Fekete-tenger'),
(736, 725, 'a padláson'),
(737, 726, 'fecske'),
(738, 727, 'a moszkvai olimpián'),
(739, 728, 'Dante'),
(740, 729, 'Vörösingesek'),
(741, 730, 'kaliban'),
(742, 731, 'tangó'),
(743, 732, 'Szíria'),
(744, 733, 'perceg'),
(745, 734, 'a ködöt'),
(746, 735, 'az elefánt a porcelánboltban'),
(747, 736, 'labdarúgásban'),
(748, 737, 'Magdolna'),
(749, 738, 'Buffalo'),
(750, 739, 'Acélminiszter'),
(751, 740, 'a képátvitel'),
(752, 741, 'tyúkot'),
(753, 742, 'Pécsett'),
(754, 743, 'Casanova'),
(755, 744, 'etióp hegységről'),
(756, 745, 'kúria'),
(757, 746, 'Athos'),
(758, 747, 'la'),
(759, 748, 'mesztic'),
(760, 749, 'Fekete-tenger'),
(761, 750, 'egy sakkfiguráról'),
(762, 751, 'darabjának címe'),
(763, 752, 'portói'),
(764, 753, 'döng a föld'),
(765, 754, 'hordószámmal'),
(766, 755, 'Pokrivtsák Mónika'),
(767, 756, 'Sacramentóban'),
(768, 757, 'egy dobozgyáros'),
(769, 758, 'Egyiptomba'),
(770, 759, 'Csurgón'),
(771, 760, 'háromszor'),
(772, 761, 'Mecsek'),
(773, 762, '1926-ban'),
(774, 763, 'árpa'),
(775, 764, 'tűzoltóság'),
(776, 765, 'krokodil'),
(777, 766, 'Windsor Ház'),
(778, 767, 'Jenő'),
(779, 768, 'G. B. Shaw'),
(780, 769, 'aprítás'),
(781, 770, 'A virág'),
(782, 771, 'egy spártai tábornokról'),
(783, 772, 'mint a bagoly'),
(784, 773, 'karótörvény'),
(785, 774, 'Jeruzsálemben'),
(786, 775, 'apjához Finnországba'),
(787, 776, '120 °C-on'),
(788, 777, 'szibériai vadludat'),
(789, 778, 'a tintahalról'),
(790, 779, 'Konstantinápoly'),
(791, 780, 'a tulipánt'),
(792, 781, 'mandula'),
(793, 782, 'escudo'),
(794, 783, 'a kocogót'),
(795, 784, 'gyermekkora'),
(796, 785, 'hátrafelé pillantó'),
(797, 786, 'testvériség'),
(798, 787, 'bulla'),
(799, 788, 'zongora'),
(800, 789, 'kék'),
(801, 790, 'Indiából'),
(802, 791, 'Jász-Nagykun-Szolnok'),
(803, 792, 'Jevgenyij Kafelnyikov'),
(804, 793, 'jó cégnek'),
(805, 794, 'prímás'),
(806, 795, 'a lovagkorban'),
(807, 796, 'Sopronban'),
(808, 797, 'torokgyík'),
(809, 798, 'lengyel'),
(810, 799, 'angolok franciák ellen'),
(811, 800, 'a konyhaművészetben'),
(812, 801, 'Kiss'),
(813, 802, '"Leila'),
(814, 803, 'rizottó'),
(815, 804, 'a gyémántúton'),
(816, 805, 'vízöntő'),
(817, 806, 'vízfestmények készítésével'),
(818, 807, 'Islamabad'),
(819, 808, 'Bábel tornya'),
(820, 809, 'fecske'),
(821, 810, 'Liliomfi'),
(822, 811, 'a kertészet'),
(823, 812, 'buddhista szerzetesek'),
(824, 813, 'Csongrádnál'),
(825, 814, 'Andrej Gromiko'),
(826, 815, 'bika'),
(827, 816, 'Miles Davist'),
(828, 817, 'lovaspóló'),
(829, 818, 'Marica'),
(830, 819, 'Chile'),
(831, 820, 'Járt-e nálad Cassio?'),
(832, 821, 'kertész nem lehet'),
(833, 822, 'gall rabszolgák'),
(834, 823, 'Szent János'),
(835, 824, 'hogy olvasni fog'),
(836, 825, 'Vitray Tamás'),
(837, 826, 'emu'),
(838, 827, 'rovar'),
(839, 828, 'Deák Ferenc'),
(840, 829, 'Bellini: Norma'),
(841, 830, 'amit ma megehetsz'),
(842, 831, 'púpos'),
(843, 832, 'nílusi és amazonasi'),
(844, 833, 'Dzsakartában'),
(845, 834, 'Láthatóan megbánta bűneit'),
(846, 835, 'a bírák'),
(847, 836, 'egy szanatóriumban'),
(848, 837, 'Montrealban'),
(849, 838, 'II. András'),
(850, 839, 'Arany László'),
(851, 840, 'Trombitás'),
(852, 841, 'túró'),
(853, 842, 'Tiborc'),
(854, 843, 'a haza bölcse'),
(855, 844, 'Argentína'),
(856, 845, 'bülbül'),
(857, 846, 'Tévedések vígjátéka'),
(858, 847, 'szunna'),
(859, 848, 'GCA'),
(860, 849, 'Barcelonában'),
(861, 850, 'Guinea'),
(862, 851, 'Nero'),
(863, 852, 'Bagira'),
(864, 853, 'csekély értelmű'),
(865, 854, 'Géza fejedelem'),
(866, 855, 'kolibri'),
(867, 856, 'Arany Cédrus'),
(868, 857, 'a burgonyával'),
(869, 858, 'a legkisebb fiút'),
(870, 859, 'búzadara'),
(871, 860, 'kiseprűzik'),
(872, 861, 'Dunaújvárosban'),
(873, 862, 'gyalog'),
(874, 863, 'Ausztrália'),
(875, 864, 'kilogramm'),
(876, 865, 'orángután'),
(877, 866, 'Marat'),
(878, 867, 'Sümeg'),
(879, 868, 'Robert Merle'),
(880, 869, 'mert kint melegebb van'),
(881, 870, 'trombonon'),
(882, 871, 'kékcédulás'),
(883, 872, 'fodrászok'),
(884, 873, 'zsémbesség'),
(885, 874, 'pedikűrös'),
(886, 875, 'zugiparosok'),
(887, 876, '120-140 / perc'),
(888, 877, 'fazonra vágja'),
(889, 878, 'Zsuzsannát'),
(890, 879, 'antilop'),
(891, 880, 'Paella'),
(892, 881, 'Arisztotelész'),
(893, 882, 'a sörélesztést'),
(894, 883, 'tinktúra'),
(895, 884, 'nyereséges'),
(896, 885, 'tubarózsa'),
(897, 886, 'a nadrágszárat'),
(898, 887, 'Pázmány Péter'),
(899, 888, 'Dél-afrikai Köztársaság'),
(900, 889, 'Festetics György'),
(901, 890, 'a Vígszínház'),
(902, 891, 'Az aranyember'),
(903, 892, 'tök filkó'),
(904, 893, 'Harry Potter'),
(905, 894, '6'),
(906, 895, 'osztrák'),
(907, 896, 'aluljáróban'),
(908, 897, 'aranygaluska'),
(909, 898, 'éjjel vadászik'),
(910, 899, 'sas'),
(911, 900, 'Szigetvár falain'),
(912, 901, 'franciák'),
(913, 902, 'még mennyire!'),
(914, 903, 'Melbourne'),
(915, 904, 'régi űrmértékegység'),
(916, 905, 'Babits Mihály'),
(917, 906, 'a brüsszeli Heysel-stadionban'),
(918, 907, 'Egyiptomból'),
(919, 908, 'Zrínyi Miklós'),
(920, 909, 'rovarok'),
(921, 910, 'kemény'),
(922, 911, 'az abroszra fektetve'),
(923, 912, 'börtönnek'),
(924, 913, 'oxigén'),
(925, 914, 'Renoir: Az olvasó nő'),
(926, 915, 'mezőgazdasági munkások'),
(927, 916, 'Internazionale'),
(928, 917, 'szerb'),
(929, 918, 'acid'),
(930, 919, 'Madridban'),
(931, 920, 'Rimbaud'),
(932, 921, 'porzószálaiból'),
(933, 922, 'zenei utasítás: halkan'),
(934, 923, 'a körtétől'),
(935, 924, 'Bábel'),
(936, 925, '22'),
(937, 926, 'tatárjárás'),
(938, 927, 'Tolcsvánál'),
(939, 928, 'páfrányok'),
(940, 929, 'Föníciába'),
(941, 930, 'Veszprém'),
(942, 931, 'holland'),
(943, 932, 'Mendelssohn'),
(944, 933, 'Bochkort'),
(945, 934, 'Dajka Margit'),
(946, 935, 'Finnországot'),
(947, 936, 'Anonymus barát'),
(948, 937, 'Fidelio'),
(949, 938, 'ősz'),
(950, 939, 'matt'),
(951, 940, 'Mohácson'),
(952, 941, 'a kerekerdőben'),
(953, 942, 'lánchídi'),
(954, 943, 'automata fényképezőgépet'),
(955, 944, 'a napkitörések'),
(956, 945, 'IV. László'),
(957, 946, 'a vezérhím'),
(958, 947, 'Antonio Vivaldi'),
(959, 948, 'a kiközösített tagot'),
(960, 949, 'Gauguin'),
(961, 950, 'a pofonjairól'),
(962, 951, 'hamuba'),
(963, 952, 'sárgarigó'),
(964, 953, 'aktív'),
(965, 954, 'Mick Jagger'),
(966, 955, 'Velencét'),
(967, 956, 'egy gyümölcsöstál'),
(968, 957, 'Seneca Nero császártól'),
(969, 958, 'okos-butus'),
(970, 959, 'bagoly'),
(971, 960, 'itatóspapírt'),
(972, 961, 'az Erzsébet híd'),
(973, 962, 'Ödön'),
(974, 963, 'Alain Prost'),
(975, 964, 'grammban'),
(976, 965, 'új leosztást'),
(977, 966, 'Sió'),
(978, 967, 'Toronto'),
(979, 968, 'Mika Waltari'),
(980, 969, 'hat'),
(981, 970, 'az eunuchok'),
(982, 971, 'kocsmáros'),
(983, 972, 'radon'),
(984, 973, 'Olaszországban'),
(985, 974, 'holland'),
(986, 975, 'Hippo'),
(987, 976, '"Gáspár'),
(988, 977, 'vágánybika'),
(989, 978, 'görög'),
(990, 979, 'asztal'),
(991, 980, 'oroszlán'),
(992, 981, 'Malawi (Nyasza)-tó'),
(993, 982, 'Washington'),
(994, 983, 'Richard Wayne Penniman'),
(995, 984, 'Berkesi András'),
(996, 985, 'szalmából'),
(997, 986, 'Paul McCartney'),
(998, 987, 'kurblit'),
(999, 988, 'hörcsög'),
(1000, 989, 'női kacagás'),
(1001, 990, 'Leninnel'),
(1002, 991, 'II. Rákóczi György'),
(1003, 992, 'Tamás'),
(1004, 993, 'az uszálya'),
(1005, 994, 'Egerben'),
(1006, 995, 'San Franciscóban'),
(1007, 996, 'teknőspáncélú'),
(1008, 997, 'pörkölés'),
(1009, 998, 'szúrós'),
(1010, 999, 'csillagvizsgálót'),
(1011, 1000, 'Mick Jagger'),
(1012, 1001, 'vörös'),
(1013, 1002, 'Julius Caesar'),
(1014, 1003, 'Munkácsy Mihályról'),
(1015, 1004, '357'),
(1016, 1005, 'kis ország'),
(1017, 1006, 'gázcsövekkel'),
(1018, 1007, 'acélból'),
(1019, 1008, 'plankton'),
(1020, 1009, 'pipacs'),
(1021, 1010, 'Gerevich Aladár'),
(1022, 1011, 'II. Lajos'),
(1023, 1012, 'rókák'),
(1024, 1013, 'mert megnyalta a sót'),
(1025, 1014, 'Mr. Pea'),
(1026, 1015, 'a felhajtását'),
(1027, 1016, 'München'),
(1028, 7, 'HÉV'),
(1029, 8, 'mint a forgószél'),
(1030, 9, 'virágokkal'),
(1031, 10, 'hét'),
(1032, 11, 'gyerekek'),
(1033, 12, 'mucika'),
(1034, 13, 'decibelben'),
(1035, 14, 'bordóruhás'),
(1036, 15, 'Mylord'),
(1037, 16, 'Heim Pál'),
(1038, 17, 'treff bubi'),
(1039, 18, 'Pelét'),
(1040, 19, 'a vallásuk'),
(1041, 20, 'Tata'),
(1042, 21, 'Carlos Daniel'),
(1043, 22, 'csipkés mellfodor'),
(1044, 23, 'küldött'),
(1045, 24, 'Vargáéknál'),
(1046, 25, 'talaj'),
(1047, 26, 'szilvás gombóc'),
(1048, 27, 'vidra'),
(1049, 28, 'Rod Stewart'),
(1050, 29, 'a kútnál'),
(1051, 30, 'a harcászatban'),
(1052, 31, 'sokoldalú alku után'),
(1053, 32, 'Paál László'),
(1054, 33, 'Björn Borg'),
(1055, 34, 'Somló Tamás'),
(1056, 35, 'Dárdájával eltalálta'),
(1057, 36, 'mén'),
(1058, 37, 'szétnyílik'),
(1059, 38, 'Fanyűvő'),
(1060, 39, 'Barkley'),
(1061, 40, 'repülőgép-építéssel'),
(1062, 41, 'zöld'),
(1063, 42, 'tehenet fej'),
(1064, 43, 'dagadó'),
(1065, 44, 'tömegközlekedési eszközöket'),
(1066, 45, 'kártyával'),
(1067, 46, 'Leonard Bernstein'),
(1068, 47, 'a Zambézin'),
(1069, 48, 'atamán'),
(1070, 49, 'szatén'),
(1071, 50, 'nőiszeszély'),
(1072, 51, 'Egyiptomot'),
(1073, 52, 'sárgát'),
(1074, 53, 'Vaskapu'),
(1075, 54, 'Irán'),
(1076, 55, 'a sebességváltót'),
(1077, 56, 'Le Corbusier'),
(1078, 57, 'kereskedőház'),
(1079, 58, 'Fröhlich'),
(1080, 59, 'káró'),
(1081, 60, 'a fogóreflex miatt'),
(1082, 61, 'térdnadrágot'),
(1083, 62, 'zeller'),
(1084, 63, 'Londonban'),
(1085, 64, 'csókkal'),
(1086, 65, 'Las Vegas'),
(1087, 66, 'szingaléz'),
(1088, 67, 'egy füles kosarat'),
(1089, 68, 'USA'),
(1090, 69, 'Nyugat'),
(1091, 70, 'német'),
(1092, 71, 'egy fabugyellárist sem'),
(1093, 72, 'bab'),
(1094, 73, 'a kéz'),
(1095, 74, 'Weimarban'),
(1096, 75, 'sörtészta'),
(1097, 76, 'karmaikkal'),
(1098, 77, 'hologramot'),
(1099, 78, 'aki segédmotoros kerékpárt tol'),
(1100, 79, 'felkopik'),
(1101, 80, 'kántortúró'),
(1102, 81, 'agorán'),
(1103, 82, 'A lovakrul'),
(1104, 83, 'lej'),
(1105, 84, 'Thalész'),
(1106, 85, 'pálinka'),
(1107, 86, 'neoromán'),
(1108, 87, 'az Úrhoz'),
(1109, 88, 'Magyar Testgyakorlók Köre'),
(1110, 89, 'Guyana'),
(1111, 90, 'Los Angelesben'),
(1112, 91, 'Lökd ide!'),
(1113, 92, 'szófa'),
(1114, 93, 'bűntetőeszköz volt'),
(1115, 94, 'hajózásra'),
(1116, 95, 'ecettel'),
(1117, 96, 'Tisza Kálmán'),
(1118, 97, 'Nemzeti Színház'),
(1119, 98, 'fenyőféle'),
(1120, 99, 'kerék alatt'),
(1121, 100, 'a hajadonok'),
(1122, 101, 'bauxitból'),
(1123, 102, 'végzetes'),
(1124, 103, 'Don Carlos'),
(1125, 104, 'fényenergia-átalakítás'),
(1126, 105, 'konkordátum'),
(1127, 106, 'Fedák Sári'),
(1128, 107, 'legfeljebb 30 km/óra'),
(1129, 108, 'Add a kezed!'),
(1130, 109, 'élés'),
(1131, 110, 'boa'),
(1132, 111, 'Peru'),
(1133, 112, 'a könnyűvérű hölgyet'),
(1134, 113, 'az ősemberek'),
(1135, 114, 'Fülig Jimmy'),
(1136, 115, 'labdarúgásban'),
(1137, 116, 'Krisna'),
(1138, 117, 'Kína'),
(1139, 118, 'Olimpia!'),
(1140, 119, 'Paul McCartney'),
(1141, 120, 'lencse'),
(1142, 121, 'nemesi lábbelit'),
(1143, 122, 'Szlovéniát'),
(1144, 123, 'bőregeres'),
(1145, 124, 'polaroid'),
(1146, 125, 'Iván'),
(1147, 126, 'a medve'),
(1148, 127, 'Nemzeti dal'),
(1149, 128, 'Széchenyi'),
(1150, 129, 'gáncs nélküli'),
(1151, 130, 'a májas hurkát'),
(1152, 131, 'nagygyűlés'),
(1153, 132, 'Carpathia'),
(1154, 133, 'Namíbia'),
(1155, 134, 'egy színről'),
(1156, 135, 'galagonya'),
(1157, 136, 'Indiából'),
(1158, 137, 'Whitney Houston'),
(1159, 138, 'román'),
(1160, 139, 'sas'),
(1161, 140, 'Lucelia Santos'),
(1162, 141, 'Mosonyi Mihály'),
(1163, 142, 'sertéscombot'),
(1164, 143, 'a János-hegyen'),
(1165, 144, 'fejfedőként'),
(1166, 145, 'fehér'),
(1167, 146, 'Luxemburg'),
(1168, 147, 'a leveléért'),
(1169, 148, 'a kőolaj'),
(1170, 149, 'fájl'),
(1171, 150, 'A sikoly'),
(1172, 151, 'John Cleese'),
(1173, 152, 'István'),
(1174, 153, 'kockásra'),
(1175, 154, 'kis lábujjunk'),
(1176, 155, 'rulettel'),
(1177, 156, 'bőrbetegség'),
(1178, 157, 'Jákob'),
(1179, 158, 'A tintásüveg'),
(1180, 159, 'Angliában'),
(1181, 160, 'piaristák'),
(1182, 161, 'külügy'),
(1183, 162, 'borbély'),
(1184, 163, 'hadvezérek'),
(1185, 164, 'nyers'),
(1186, 165, 'Erdélyről'),
(1187, 166, 'csörgőkígyókat'),
(1188, 167, 'Tiszáról'),
(1189, 168, 'pótkávét'),
(1190, 169, 'fénykép'),
(1191, 170, 'egy játék'),
(1192, 171, 'backgammon'),
(1193, 172, 'marsról származó meteorit'),
(1194, 173, 'Pirandello'),
(1195, 174, 'Ceylon'),
(1196, 175, 'pattogó'),
(1197, 176, 'mazurka'),
(1198, 177, 'elindul'),
(1199, 178, 'gitár'),
(1200, 179, 'cékla'),
(1201, 180, 'Baróti Lajos'),
(1202, 181, 'Rába'),
(1203, 182, 'lumen'),
(1204, 183, 'kutyafogó'),
(1205, 184, 'turmixot'),
(1206, 185, 'előnyösen'),
(1207, 186, 'Victor Hugo'),
(1208, 187, 'lepke'),
(1209, 188, 'a kínaiak'),
(1210, 189, 'Szahara'),
(1211, 190, 'Amerigo Tot'),
(1212, 191, 'Rokonok'),
(1213, 192, 'radírként'),
(1214, 193, 'Erwin Schrödinger'),
(1215, 194, 'a sztratoszférát és a bioszférát'),
(1216, 195, 'bari'),
(1217, 196, 'moslék'),
(1218, 197, 'nyugatra'),
(1219, 198, 'dán'),
(1220, 199, 'Debreceni Ferenc'),
(1221, 200, 'Cipruson'),
(1222, 201, 'egy turbánfajtát'),
(1223, 202, 'Enrico Fermit'),
(1224, 203, 'Audrey Hepburn'),
(1225, 204, 'férfimodellt'),
(1226, 205, 'kaméliás'),
(1227, 206, 'Mayflower'),
(1228, 207, 'francia borászról'),
(1229, 208, 'gyöngyvirág'),
(1230, 209, 'mauritiusi dodó'),
(1231, 210, 'Vörösmarty Mihály'),
(1232, 211, 'Nicole Kidman'),
(1233, 212, 'Reding Itell'),
(1234, 213, 'naptól tüzes'),
(1235, 214, 'táncolni'),
(1236, 215, 'Jamaica'),
(1237, 216, 'a mangánt'),
(1238, 217, 'a Tejutat'),
(1239, 218, 'lovas kocsit'),
(1240, 219, 'egy mongol uralkodóról'),
(1241, 220, 'míg nem ellik'),
(1242, 221, 'a fúrótorony'),
(1243, 222, 'Stevie Wonder'),
(1244, 223, '9-es'),
(1245, 224, 'Benedek Elek'),
(1246, 225, 'cefre'),
(1247, 226, 'az acél terhelhetőségét'),
(1248, 227, 'kékbálna'),
(1249, 228, 'a revolverről'),
(1250, 229, 'tölgy'),
(1251, 230, 'Pécsett'),
(1252, 231, 'az anyóst'),
(1253, 232, 'Fogadalmi templom'),
(1254, 233, 'Generál'),
(1255, 234, 'Spartacust'),
(1256, 235, 'vívásban'),
(1257, 236, 'gombafajta'),
(1258, 237, 'gazdája'),
(1259, 238, 'spagettijéről'),
(1260, 239, 'diné'),
(1261, 240, 'citera'),
(1262, 241, 'katicabogár'),
(1263, 242, 'Jeruzsálemben'),
(1264, 243, 'etióp császárok'),
(1265, 244, 'vízágyúról'),
(1266, 245, 'marhahúslevest'),
(1267, 246, 'Rhöne'),
(1268, 247, 'Genesis'),
(1269, 248, 'Oroszország'),
(1270, 249, 'ő tervezte'),
(1271, 250, 'gömb'),
(1272, 251, '14'),
(1273, 252, 'Paul Ehrlich'),
(1274, 253, 'Rio de Janeiro'),
(1275, 254, 'George Lazenby'),
(1276, 255, 'Irving Berlin'),
(1277, 256, 'sebes ló'),
(1278, 257, 'erényövek nyitására'),
(1279, 258, 'Hullámvasút'),
(1280, 259, 'ha tűzbe tartják'),
(1281, 260, 'Steindl Imre'),
(1282, 261, 'az Otellót'),
(1283, 262, 'infáns'),
(1284, 263, 'Bánk bán'),
(1285, 264, 'Sydney'),
(1286, 265, 'egy fél nap'),
(1287, 266, 'az udvarló fess gárdatiszt'),
(1288, 267, 'telefonálásra'),
(1289, 268, 'hetes'),
(1290, 269, 'gitár'),
(1291, 270, 'Rolling Stones'),
(1292, 271, 'a Kennedy-gyilkosságról'),
(1293, 272, 'Ízisz'),
(1294, 273, 'a kóladiót'),
(1295, 274, 'Gedó György'),
(1296, 275, 'benéz a lé az ablakon'),
(1297, 276, 'labanc'),
(1298, 277, 'elektronikus levelet'),
(1299, 278, 'kosárlabda'),
(1300, 279, 'gyomnövény'),
(1301, 280, 'Írország'),
(1302, 281, 'reszelő'),
(1303, 282, 'kurblis'),
(1304, 283, 'gyújtólencse'),
(1305, 284, 'Cipó'),
(1306, 285, 'egy ételkülönlegességet'),
(1307, 286, 'a Déli-sarkon'),
(1308, 287, 'zöld'),
(1309, 288, 'Ravel'),
(1310, 289, 'macska'),
(1311, 290, 'kar'),
(1312, 291, 'püspök'),
(1313, 292, 'szárát'),
(1314, 293, 'csokoládés süteményt'),
(1315, 294, 'csiga'),
(1316, 295, 'szobrász'),
(1317, 296, 'barátjáról'),
(1318, 297, 'kaszinóba'),
(1319, 298, 'grapefruit'),
(1320, 299, 'vetés'),
(1321, 300, 'Palotai Károly'),
(1322, 301, 'a Hortobágy'),
(1323, 302, 'Henry Ford'),
(1324, 303, 'lucskos'),
(1325, 304, 'vörös'),
(1326, 305, 'otelló'),
(1327, 306, 'kétüléses kerékpárt'),
(1328, 307, 'kígyók'),
(1329, 308, 'gyermekbénulás'),
(1330, 309, 'hátúszásban'),
(1331, 310, 'Liszt Ferenc'),
(1332, 311, 'Oroszlánkirály'),
(1333, 312, 'Szlovénia'),
(1334, 313, 'vonóst'),
(1335, 314, 'Colorado'),
(1336, 315, 'Pompeius'),
(1337, 316, 'Debrecenbe'),
(1338, 317, 'a díszlet mögé'),
(1339, 318, 'tornacipő'),
(1340, 319, 'kódolt titkosírás'),
(1341, 320, 'Újpest'),
(1342, 321, 'kókuszdió'),
(1343, 322, 'Keleti pályaudvar'),
(1344, 323, 'Gyulai Zsolt'),
(1345, 324, 'Purim'),
(1346, 325, 'banán'),
(1347, 326, 'szapora'),
(1348, 327, 'a gravitáció'),
(1349, 328, 'az egyiptomiaké'),
(1350, 329, 'buddhista'),
(1351, 330, 'vízfog'),
(1352, 331, 'Mexikó'),
(1353, 332, 'macska'),
(1354, 333, 'gyanta'),
(1355, 334, 'banán'),
(1356, 335, 'Levente'),
(1357, 336, 'kétpúpú teve'),
(1358, 337, 'Törökországban'),
(1359, 338, 'Párizs'),
(1360, 339, 'Dánia'),
(1361, 340, 'a májé'),
(1362, 341, 'Hidegkúti Nándor'),
(1363, 342, 'a kapanyél'),
(1364, 343, 'Szent Istvánról'),
(1365, 344, 'katapult'),
(1366, 345, 'Egyesült Államok'),
(1367, 346, 'Jill'),
(1368, 347, 'harminc ezüstért'),
(1369, 348, 'Az evolúció és mi'),
(1370, 349, 'a keresztszülőséget'),
(1371, 350, 'egy mexikói falut'),
(1372, 351, 'medvékről'),
(1373, 352, 'a Földközi-tengerbe'),
(1374, 353, '4.25'),
(1375, 354, 'áruhitel'),
(1376, 355, 'krokodil'),
(1377, 356, 'Portugália'),
(1378, 357, 'kecske'),
(1379, 358, 'szemünket'),
(1380, 359, 'kalapál'),
(1381, 360, 'az orvosokat'),
(1382, 361, 'Cervantes'),
(1383, 362, 'konga'),
(1384, 363, 'Epilógus'),
(1385, 364, 'indiai maharadzsák'),
(1386, 365, 'az első pilótáról'),
(1387, 366, 'szürke'),
(1388, 367, 'kémműholdról'),
(1389, 368, 'Vígadjunk!'),
(1390, 369, 'úgy arat'),
(1391, 370, 'levest'),
(1392, 371, 'Őzek szigete'),
(1393, 372, 'fátyla'),
(1394, 373, 'a legdalosabb magyar'),
(1395, 374, 'normann'),
(1396, 375, 'rozsból'),
(1397, 376, '100000'),
(1398, 377, 'Evita'),
(1399, 378, 'harakiri'),
(1400, 379, 'London'),
(1401, 380, 'láva'),
(1402, 381, 'nadrágfék'),
(1403, 382, 'kettőt'),
(1404, 383, 'Hófehérkéről'),
(1405, 384, 'Jupiter'),
(1406, 385, 'Ciprus'),
(1407, 386, 'Siófok'),
(1408, 387, 'Az obsitos'),
(1409, 388, 'virslit mustárral'),
(1410, 389, 'ruhakészítésre'),
(1411, 390, '30 nap'),
(1412, 391, 'gyapjút'),
(1413, 392, 'csípőbőség'),
(1414, 393, 'családi albumba'),
(1415, 394, 'Rákosi Mátyás'),
(1416, 395, 'Radzeer'),
(1417, 396, 'Madáccsal'),
(1418, 397, 'torna'),
(1419, 398, 'déli gyermekelőadás'),
(1420, 399, 'maccs'),
(1421, 400, 'liba'),
(1422, 401, 'vésésre'),
(1423, 402, 'Nílus'),
(1424, 403, 'Voszhod-1'),
(1425, 404, 'kenderkóc'),
(1426, 405, 'Új-Zélandon'),
(1427, 406, 'watt'),
(1428, 407, 'Ausztrália'),
(1429, 408, 'Károlyi Mihály'),
(1430, 409, 'medvetalp'),
(1431, 410, 'tok'),
(1432, 411, 'törölték a nyílvántartásból'),
(1433, 412, 'Napvárosban'),
(1434, 413, 'hat'),
(1435, 414, 'rókából'),
(1436, 415, 'Candida'),
(1437, 416, 'barlangokkal'),
(1438, 417, 'az alkaré'),
(1439, 418, 'Kenya'),
(1440, 419, 'madárlátta kalácsot'),
(1441, 420, 'huszonegy'),
(1442, 421, 'pamut'),
(1443, 422, 'számítógépes szakemberek'),
(1444, 423, 'Képzelt riport ...'),
(1445, 424, 'a dinamitot'),
(1446, 425, 'eidámi'),
(1447, 426, 'egy festőcsoport'),
(1448, 427, 'lila'),
(1449, 428, 'a milánói dómban'),
(1450, 429, 'Makón'),
(1451, 430, 'cellulóz'),
(1452, 431, 'Mexikóban'),
(1453, 432, 'hordó'),
(1454, 433, 'viadukt'),
(1455, 434, 'Toldi estéje'),
(1456, 435, 'menyasszonyok'),
(1457, 436, 'három hetente'),
(1458, 437, 'csirkecombot'),
(1459, 438, 'törvénykönyvvel a kezében'),
(1460, 439, 'az Egyesült Államokban'),
(1461, 440, 'Adige'),
(1462, 441, 'oposszum'),
(1463, 442, 'kisnyúl'),
(1464, 443, 'London'),
(1465, 444, 'gátfutóról'),
(1466, 445, 'a kisbabák előkéjét'),
(1467, 446, 'gumigyártásra'),
(1468, 447, 'II. András'),
(1469, 448, 'az őserdők fáin'),
(1470, 449, '1990-ben'),
(1471, 450, 'hiszen'),
(1472, 451, 'a Missouri hadihajón'),
(1473, 452, 'Franciaország'),
(1474, 453, 'Juno'),
(1475, 454, 'szangha'),
(1476, 455, 'a fenekükre'),
(1477, 456, 'uralkodást'),
(1478, 457, 'ölyv'),
(1479, 458, 'Ferenc József híd'),
(1480, 459, 'betyárok'),
(1481, 460, 'Erkel: Bánk bán'),
(1482, 461, 'Chicagóban'),
(1483, 462, 'tizenkettő'),
(1484, 463, 'hangyász'),
(1485, 464, 'Az özvegy meg a lánya'),
(1486, 465, 'gumót'),
(1487, 466, 'Lánchíd'),
(1488, 467, 'erő'),
(1489, 468, 'ugar'),
(1490, 469, 'cunami'),
(1491, 470, 'Oscar Wilde'),
(1492, 471, 'Szegednél'),
(1493, 472, 'a Holdra'),
(1494, 473, 'március'),
(1495, 474, 'Jonatán'),
(1496, 475, 'a krikett'),
(1497, 476, 'Kleopátra'),
(1498, 477, 'a bibe'),
(1499, 478, 'Prága'),
(1500, 479, 'kecskeszem'),
(1501, 480, 'Nizzában'),
(1502, 481, 'A Tenkes'),
(1503, 482, 'marha'),
(1504, 483, 'Noét'),
(1505, 484, 'Kepler'),
(1506, 485, 'az Országházban'),
(1507, 486, 'a levele'),
(1508, 487, 'omen'),
(1509, 488, 'járnak benne'),
(1510, 489, 'Velence'),
(1511, 490, 'pagonyban'),
(1512, 491, 'Doris Dayt'),
(1513, 492, '"Anglia'),
(1514, 493, 'felüljáró úttestjén'),
(1515, 494, 'Radzsiv Gandhi'),
(1516, 495, 'A bolond leánya'),
(1517, 496, 'a kisbírót'),
(1518, 497, 'időjárás-előrejelzésre'),
(1519, 498, 'Tolnát-Baranyát'),
(1520, 499, 'fecske'),
(1521, 500, '20'),
(1522, 501, 'Leonardo'),
(1523, 502, 'Paavo Nurmi'),
(1524, 503, 'mágneslemezekből'),
(1525, 504, 'I. Frigyes'),
(1526, 505, 'Győrött'),
(1527, 506, 'Kerüld az apját'),
(1528, 507, 'koala'),
(1529, 508, 'kolostorokban'),
(1530, 509, 'a biliárdban'),
(1531, 510, 'Los Angeles Lakers'),
(1532, 511, 'Szakasits Árpád'),
(1533, 512, 'Julius Caesar'),
(1534, 513, 'Piramis'),
(1535, 514, 'Bács-Kiskun megyében'),
(1536, 515, 'Esmeralda'),
(1537, 516, 'hajón'),
(1538, 517, 'testőr'),
(1539, 518, 'heliocentrikus'),
(1540, 519, 'ostrom'),
(1541, 520, 'ne higgy a királyoknak!'),
(1542, 521, 'bíborpolip'),
(1543, 522, 'Oklahoma'),
(1544, 523, 'Kolumbusztól'),
(1545, 524, 'Aquitániai Eleonóra'),
(1546, 525, 'szerecsen'),
(1547, 526, 'hetérák'),
(1548, 527, 'fon'),
(1549, 528, 'szigorúan védett'),
(1550, 529, 'Tower'),
(1551, 530, 'evezés'),
(1552, 531, 'csendőrőrsre'),
(1553, 532, 'Mars'),
(1554, 533, 'menyét'),
(1555, 534, 'liba-lúd'),
(1556, 535, 'trópusi gyümölcs'),
(1557, 536, 'bőr'),
(1558, 537, 'Legszebb egér a bőregér'),
(1559, 538, 'csak az utolsót'),
(1560, 539, 'beavatkozás'),
(1561, 540, 'marhatereléshez'),
(1562, 541, 'selyemút'),
(1563, 542, 'jel a kottán'),
(1564, 543, 'sóder'),
(1565, 544, 'madarak'),
(1566, 545, 'húsárut'),
(1567, 546, 'acél'),
(1568, 547, 'fregatt'),
(1569, 548, 'Verdi: A trubadúr'),
(1570, 549, 'Viracocha'),
(1571, 550, 'karón varjút'),
(1572, 551, 'Balatonfüreden'),
(1573, 552, 'Sasfiók'),
(1574, 553, 'Wimbledon'),
(1575, 554, 'olaj'),
(1576, 555, 'birkózás'),
(1577, 556, 'takaró alatt'),
(1578, 557, 'Erika'),
(1579, 558, 'partizánok'),
(1580, 559, 'dobozban'),
(1581, 560, 'fél év'),
(1582, 561, 'gyöngytyúk'),
(1583, 562, 'jó napot kívánok'),
(1584, 563, 'Atlantis'),
(1585, 564, 'sebkötözésre'),
(1586, 565, 'Firenze'),
(1587, 566, 'Mendelssohn'),
(1588, 567, 'II. Ramszesz'),
(1589, 568, 'vérehulló fecskefű'),
(1590, 569, 'gólyaorr'),
(1591, 570, 'a mennybe'),
(1592, 571, 'Ferencváros'),
(1593, 572, 'a repülő légcsavarját'),
(1594, 573, 'nyelvtanulásra ösztönöz'),
(1595, 574, 'akár a könnyű álom!'),
(1596, 575, 'borsmentából'),
(1597, 576, 'IV. Henrik'),
(1598, 577, 'a tarisznyaráknak'),
(1599, 578, 'az érett gyümölcsnek'),
(1600, 579, 'takarmánykeverék'),
(1601, 580, 'paripát'),
(1602, 581, 'Sir Thomas Philips'),
(1603, 582, 'Albert Flórián'),
(1604, 583, 'Mel Gibson'),
(1605, 584, 'Kecskeméten'),
(1606, 585, 'Kleopátrával'),
(1607, 586, 'föld alatti lyukakban'),
(1608, 587, 'Sebastian Coe'),
(1609, 588, 'a hasnyálmirigy'),
(1610, 589, 'A cápa'),
(1611, 590, 'bolhák'),
(1612, 591, 'négyszögletes'),
(1613, 592, 'ház'),
(1614, 593, 'vezényelt benne'),
(1615, 594, 'a szemfogai'),
(1616, 595, 'az alvilág kapuját'),
(1617, 596, 'Magyar Lászlóról'),
(1618, 597, 'CRT - készülék'),
(1619, 598, 'egy borbély'),
(1620, 599, 'Nápoly'),
(1621, 600, 'Robert Fischer'),
(1622, 601, 'nyuszit-pockot'),
(1623, 602, 'a tűzoltóságon'),
(1624, 603, 'lángoló'),
(1625, 604, 'nézőtéri ülőhelyet'),
(1626, 605, 'pocak'),
(1627, 606, 'sakál'),
(1628, 607, 'S.O.S.'),
(1629, 608, 'az Uránuszon'),
(1630, 609, 'Vácon'),
(1631, 610, 'II. Szilveszter pápa'),
(1632, 611, 'öt méterről'),
(1633, 612, 'a Wall Streeten'),
(1634, 613, 'óriáspanda'),
(1635, 614, 'a trónörököst'),
(1636, 615, 'Tacitusnak'),
(1637, 616, 'kolbászból'),
(1638, 617, 'New Yorkban'),
(1639, 618, 'az orvos mellett'),
(1640, 619, 'mesterszakács'),
(1641, 620, 'Krúdy Gyula'),
(1642, 621, 'műszakilag elmaradott'),
(1643, 622, 'Andorra'),
(1644, 623, 'ütőhangszer'),
(1645, 624, 'ha emeli a tétet'),
(1646, 625, 'Victory'),
(1647, 626, 'máglya'),
(1648, 627, 'acélbika'),
(1649, 628, 'Roosevelt'),
(1650, 629, 'oroszlán'),
(1651, 630, 'Berlin'),
(1652, 631, 'K vitamin'),
(1653, 632, 'Lázár György'),
(1654, 633, 'békák'),
(1655, 634, 'Vasbordájú szent'),
(1656, 635, 'Kossuth Lajost'),
(1657, 636, 'Amie angyalai'),
(1658, 637, 'a János-hegy'),
(1659, 638, 'csipkebogyóval'),
(1660, 639, 'kóbor'),
(1661, 640, 'a medvéét'),
(1662, 641, 'WIO'),
(1663, 642, 'mumus'),
(1664, 643, 'Indonézia'),
(1665, 644, 'FIFA'),
(1666, 645, 'Belgrád'),
(1667, 646, 'francia'),
(1668, 647, 'Csontbrigád'),
(1669, 648, 'egy szerzetesruha színéről'),
(1670, 649, 'Thomas Edison'),
(1671, 650, 'Párizsban'),
(1672, 651, 'százat'),
(1673, 652, 'Ptolemaiosz'),
(1674, 653, 'felesége aktja'),
(1675, 654, 'omnibuszt'),
(1676, 655, '"Főzd újra'),
(1677, 656, 'bebábozódás'),
(1678, 657, 'meglegyinteni'),
(1679, 658, 'nyüzüge'),
(1680, 659, 'Asztrikot'),
(1681, 660, 'földrengés'),
(1682, 661, 'hat'),
(1683, 662, 'Frenreisz Károly'),
(1684, 663, 'utoléri a tatár'),
(1685, 664, 'víg'),
(1686, 665, 'tolvajok fejedelme'),
(1687, 666, 'tornázás közben'),
(1688, 667, 'szövésre'),
(1689, 668, 'Khloé'),
(1690, 669, 'szürke medve'),
(1691, 670, 'a Királyasszony lovagja'),
(1692, 671, 'bo-dza-bo-kor'),
(1693, 672, 'marha'),
(1694, 673, 'bálnáról'),
(1695, 674, 'a politika'),
(1696, 675, 'édes gyümölcsöt'),
(1697, 676, 'Kuvait'),
(1698, 677, 'hatalmas'),
(1699, 678, 'Óriások'),
(1700, 679, 'Csilicsala'),
(1701, 680, 'Batman'),
(1702, 681, 'Jutocsa'),
(1703, 682, 'Ikarosz'),
(1704, 683, 'mérföldet'),
(1705, 684, 'dédnagyapjáról'),
(1706, 685, 'a pestist'),
(1707, 686, 'John Lennon'),
(1708, 687, 'Szovjetunió'),
(1709, 688, 'diszkoszvetés'),
(1710, 689, 'közigazgatási'),
(1711, 690, 'hatot'),
(1712, 691, 'Kreon'),
(1713, 692, 'James Prescott Joule'),
(1714, 693, 'Kukutyinba'),
(1715, 694, 'gerilla'),
(1716, 695, 'fejfedőnek'),
(1717, 696, 'egy almát'),
(1718, 697, 'hidrogén-klorid'),
(1719, 698, 'megfürdették a tóban'),
(1720, 699, 'Athén'),
(1721, 700, 'bélyegzett'),
(1722, 701, 'Szamos'),
(1723, 702, 'Metternichet'),
(1724, 703, 'Svájc'),
(1725, 704, 'útitárs'),
(1726, 705, 'a Mount Everesten'),
(1727, 706, 'bacilusok'),
(1728, 707, 'Aquincum'),
(1729, 708, 'trolibusz'),
(1730, 709, 'a szomszéd portája'),
(1731, 710, 'Szabó'),
(1732, 711, 'kihirdetési ár'),
(1733, 712, 'A víg özvegy'),
(1734, 713, 'Malajzia'),
(1735, 714, 'Szent Domonkos'),
(1736, 715, 'Helmut Kohl'),
(1737, 716, 'Majna'),
(1738, 717, 'páfrány'),
(1739, 718, 'liszt'),
(1740, 719, 'a Hármaskönyv'),
(1741, 720, 'édes'),
(1742, 721, 'vikingek'),
(1743, 722, 'Dánia'),
(1744, 723, 'Bors'),
(1745, 724, 'Adriai-tenger'),
(1746, 725, 'a tetőn'),
(1747, 726, 'ürge'),
(1748, 727, 'a müncheni olimpián'),
(1749, 728, 'Leonardo da Vinci'),
(1750, 729, 'Vörös Hadsereg'),
(1751, 730, 'kabuki'),
(1752, 731, 'polka'),
(1753, 732, 'Vietnam'),
(1754, 733, 'rágcsál'),
(1755, 734, 'a selyemleplet'),
(1756, 735, 'a partra vetett hal'),
(1757, 736, 'röplabdában'),
(1758, 737, 'Mária'),
(1759, 738, 'Florida'),
(1760, 739, 'Vaskancellár'),
(1761, 740, 'a számítógép'),
(1762, 741, 'bárányt'),
(1763, 742, 'Siklóson'),
(1764, 743, 'Don Quijote'),
(1765, 744, 'jemeni kikötővárosról'),
(1766, 745, 'palota'),
(1767, 746, 'Porthos'),
(1768, 747, 'fá'),
(1769, 748, 'mulatt'),
(1770, 749, 'Holt-tenger'),
(1771, 750, 'egy rulett-kombinációról'),
(1772, 751, 'születési helye'),
(1773, 752, 'burgundi'),
(1774, 753, 'fű nem terem'),
(1775, 754, 'fürtszámmal'),
(1776, 755, 'Boros Lajos'),
(1777, 756, 'Woodstockban'),
(1778, 757, 'egy amerikai rokon'),
(1779, 758, 'Indiába'),
(1780, 759, 'Baján'),
(1781, 760, 'hétszer'),
(1782, 761, 'Cserhát'),
(1783, 762, '1922-ben'),
(1784, 763, 'kender'),
(1785, 764, 'erkölcsrendészet'),
(1786, 765, 'gyík'),
(1787, 766, 'Előkelők Háza'),
(1788, 767, 'Nyék'),
(1789, 768, 'Oscar Wilde'),
(1790, 769, 'pirítás'),
(1791, 770, 'A pilóta'),
(1792, 771, 'egy római helytartóról'),
(1793, 772, 'mint a bunda'),
(1794, 773, 'hóhérbulla'),
(1795, 774, 'Haifában'),
(1796, 775, 'anyjához Lengyelországba'),
(1797, 776, '100 °C-on'),
(1798, 777, 'doni kozákokat'),
(1799, 778, 'a tonhalról'),
(1800, 779, 'Isztambul'),
(1801, 780, 'az orchideát'),
(1802, 781, 'ringló'),
(1803, 782, 'centavo'),
(1804, 783, 'a hazug embert'),
(1805, 784, 'szakálla'),
(1806, 785, 'a térdén könyöklő'),
(1807, 786, 'barátság'),
(1808, 787, 'szkriptor'),
(1809, 788, 'orgona'),
(1810, 789, 'zöld'),
(1811, 790, 'Lengyelországból'),
(1812, 791, 'Heves'),
(1813, 792, 'Andre Agassi'),
(1814, 793, 'jó lónak'),
(1815, 794, 'vándorszínész'),
(1816, 795, 'az ipari forradalom idején'),
(1817, 796, 'Kőszegen'),
(1818, 797, 'kanyaró'),
(1819, 798, 'angol'),
(1820, 799, 'angolok angolok ellen'),
(1821, 800, 'a kozmetikai iparban'),
(1822, 801, 'Genesis'),
(1823, 802, 'Benedek Elek'),
(1824, 803, 'rizibizi'),
(1825, 804, 'a selyemúton'),
(1826, 805, 'víznyelő'),
(1827, 806, 'könyvritkaságok gyűjtésével'),
(1828, 807, 'Tripoli'),
(1829, 808, 'az Eiffel-torony'),
(1830, 809, 'kakukk'),
(1831, 810, 'Szellemfi'),
(1832, 811, 'a nyár'),
(1833, 812, 'maori őslakók'),
(1834, 813, 'Tiszaújvárosnál'),
(1835, 814, 'Jurij Andropov'),
(1836, 815, 'szárnyas ember'),
(1837, 816, 'Gil Evanst'),
(1838, 817, 'lóápoló szesz'),
(1839, 818, 'Katica'),
(1840, 819, 'Nicaragua'),
(1841, 820, 'Mit főztél?'),
(1842, 821, 'ember nem lehet'),
(1843, 822, 'római polgárok'),
(1844, 823, 'Szent Ferenc'),
(1845, 824, 'hogy megéhezik'),
(1846, 825, 'Komjáthy György'),
(1847, 826, 'gepárd'),
(1848, 827, 'gomba'),
(1849, 828, 'Petőfi Sándor'),
(1850, 829, 'Donizetti: Lammermoori Lucia'),
(1851, 830, 'amit ma megtehetsz'),
(1852, 831, 'püspök'),
(1853, 832, 'ázsiai és bengáli'),
(1854, 833, 'Új-Delhiben'),
(1855, 834, 'Láthatólag megbánta bűneit'),
(1856, 835, 'a szűzleányok'),
(1857, 836, 'egy síparadicsomban'),
(1858, 837, 'Melbourne-ben'),
(1859, 838, 'Károly Róbert'),
(1860, 839, 'Arany János'),
(1861, 840, 'Verklis'),
(1862, 841, 'halászlé'),
(1863, 842, 'Bánk bán'),
(1864, 843, 'a legnagyobb magyar'),
(1865, 844, 'Paraguay'),
(1866, 845, 'csalogány'),
(1867, 846, 'Szeget szeggel'),
(1868, 847, 'hidzsra'),
(1869, 848, 'TMG'),
(1870, 849, 'Szöulban'),
(1871, 850, 'Szenegál'),
(1872, 851, 'Augustus'),
(1873, 852, 'Sir Kán'),
(1874, 853, 'selypes'),
(1875, 854, 'Árpád fejedelem'),
(1876, 855, 'gólya'),
(1877, 856, 'Arany Medve'),
(1878, 857, 'a padlizsánnal'),
(1879, 858, 'a legidősebb fiút'),
(1880, 859, 'sajt'),
(1881, 860, 'kikosarazzák'),
(1882, 861, 'Ózdon'),
(1883, 862, 'talpas'),
(1884, 863, 'Ázsia'),
(1885, 864, 'monogram'),
(1886, 865, 'csimpánz'),
(1887, 866, 'Robespierre'),
(1888, 867, 'Veszprém'),
(1889, 868, 'Jose Saramago'),
(1890, 869, 'mert megjöttek a rokonok'),
(1891, 870, 'szaxofonon'),
(1892, 871, 'árcédulás'),
(1893, 872, 'fényképészek'),
(1894, 873, 'gyarlóság'),
(1895, 874, 'csapodár'),
(1896, 875, 'kétbalkéz-művesek'),
(1897, 876, '90-100 / perc'),
(1898, 877, 'festi'),
(1899, 878, 'Salómét'),
(1900, 879, 'panda'),
(1901, 880, 'Malaga'),
(1902, 881, 'Szókratész'),
(1903, 882, 'a sörhűtést'),
(1904, 883, 'partitúra'),
(1905, 884, 'veszteséges'),
(1906, 885, 'bazsarózsa'),
(1907, 886, 'a rozoga viskót'),
(1908, 887, 'Mikes Kelemen'),
(1909, 888, 'Angola'),
(1910, 889, 'Esterházy Móric'),
(1911, 890, 'a Madách Színház'),
(1912, 891, 'Egri csillagok'),
(1913, 892, 'tökfej'),
(1914, 893, 'Adrian Mole'),
(1915, 894, '12'),
(1916, 895, 'svéd'),
(1917, 896, 'vasúti átjárón'),
(1918, 897, 'pirog'),
(1919, 898, 'megeszi a csigát'),
(1920, 899, 'oroszlán'),
(1921, 900, 'a bécsújhelyi börtönben'),
(1922, 901, 'poroszok'),
(1923, 902, 'legjobb otthon!'),
(1924, 903, 'New York'),
(1925, 904, 'inulatszó'),
(1926, 905, 'Karinthy Frigyes'),
(1927, 906, 'a müncheni Olimiai Stadionban'),
(1928, 907, 'Bizáncból'),
(1929, 908, 'II. Rákóczi Ferenc'),
(1930, 909, 'mezei virágok'),
(1931, 910, 'túros'),
(1932, 911, 'a tányér peremére támasztva'),
(1933, 912, 'távirati irodának'),
(1934, 913, 'nátrium'),
(1935, 914, 'Goya: Meztelen Maya'),
(1936, 915, 'banki alkalmazottak'),
(1937, 916, 'Juventus'),
(1938, 917, 'holland'),
(1939, 918, 'techno'),
(1940, 919, 'Genovában'),
(1941, 920, 'Baudelaire'),
(1942, 921, 'rügyeiből'),
(1943, 922, 'cimbalom'),
(1944, 923, 'a törpétől'),
(1945, 924, 'Jeruzsálem'),
(1946, 925, '20'),
(1947, 926, 'honfoglalás'),
(1948, 927, 'Mádnál'),
(1949, 928, 'zsurlók'),
(1950, 929, 'Szíriába'),
(1951, 930, 'Mohács'),
(1952, 931, 'angol'),
(1953, 932, 'Schumann'),
(1954, 933, 'Borost'),
(1955, 934, 'Komlós Juci'),
(1956, 935, 'Kanadát'),
(1957, 936, 'Julianus barát'),
(1958, 937, 'Rigoletto'),
(1959, 938, 'kék'),
(1960, 939, 'patt'),
(1961, 940, 'Szigetváron'),
(1962, 941, 'az Óperenciás-tengernél'),
(1963, 942, 'gyáva'),
(1964, 943, 'sakkautomatát'),
(1965, 944, 'a madarak röpte'),
(1966, 945, 'III. Béla'),
(1967, 946, 'a kölyökhím'),
(1968, 947, 'Johann Sebastian Bach'),
(1969, 948, 'a titkárt'),
(1970, 949, 'Cézanne'),
(1971, 950, 'a mosolyáról'),
(1972, 951, 'homokba'),
(1973, 952, 'seregély'),
(1974, 953, 'passzív'),
(1975, 954, 'David Bowie'),
(1976, 955, 'Firenzét'),
(1977, 956, 'a fiát sirató Mária'),
(1978, 957, 'egy gladiátor Augustustól'),
(1979, 958, 'okos-szamár'),
(1980, 959, 'holló'),
(1981, 960, 'hordozható számítógépet'),
(1982, 961, 'a Margit híd'),
(1983, 962, 'Richárd'),
(1984, 963, 'Nigel Mansell'),
(1985, 964, 'kalóriában'),
(1986, 965, 'jó lapokat'),
(1987, 966, 'Rába'),
(1988, 967, 'Ottawa'),
(1989, 968, 'Mauno Koivisto'),
(1990, 969, 'öt'),
(1991, 970, 'a mamelukok'),
(1992, 971, 'tábori lelkész'),
(1993, 972, 'bróm'),
(1994, 973, 'Franciaországban'),
(1995, 974, 'breton'),
(1996, 975, 'Bizánc'),
(1997, 976, '"Szervác'),
(1998, 977, 'vagonürü'),
(1999, 978, 'török'),
(2000, 979, 'szekrény'),
(2001, 980, 'szibériai tigris'),
(2002, 981, 'Bajkál-tó'),
(2003, 982, 'Párizs'),
(2004, 983, 'Richard Starkey'),
(2005, 984, 'Illyés Gyula'),
(2006, 985, 'nemzett pamutból'),
(2007, 986, 'Tom Jones'),
(2008, 987, 'verklit'),
(2009, 988, 'egér'),
(2010, 989, 'altatódal'),
(2011, 990, 'Engelsszel'),
(2012, 991, 'Bethlen Gábor'),
(2013, 992, 'Júdás');
INSERT INTO `answer` (`id`, `id_question`, `answer`) VALUES
(2014, 993, 'a nyakfodra'),
(2015, 994, 'Kalocsán'),
(2016, 995, 'Genfben'),
(2017, 996, 'galamblelkű'),
(2018, 997, 'hámozás'),
(2019, 998, 'lila'),
(2020, 999, 'szerzetesrendet'),
(2021, 1000, 'Elton John'),
(2022, 1001, 'véres'),
(2023, 1002, 'Kolumbusz'),
(2024, 1003, 'Csók Istvánról'),
(2025, 1004, '364'),
(2026, 1005, 'kis foci'),
(2027, 1006, 'cimbalommal'),
(2028, 1007, 'porcelánból'),
(2029, 1008, 'fóka'),
(2030, 1009, 'tulipán'),
(2031, 1010, 'Keleti Ágnes'),
(2032, 1011, 'I. Lajos'),
(2033, 1012, 'cápák'),
(2034, 1013, 'a gida is gömbölyödik'),
(2035, 1014, 'Mr. Carrot'),
(2036, 1015, 'a zsebét'),
(2037, 1016, 'Düsseldorf'),
(2038, 7, 'Autóbusz'),
(2039, 8, '"mint az őrült'),
(2040, 9, 'papírhajtogatással'),
(2041, 10, 'hat'),
(2042, 11, 'állatvédők'),
(2043, 12, 'pöndörke'),
(2044, 13, 'hertzben'),
(2045, 14, 'rőzsehordó'),
(2046, 15, 'Rocket'),
(2047, 16, 'Schöpf-Mérei Ágoston'),
(2048, 17, 'bölönbika'),
(2049, 18, 'Eusebiót'),
(2050, 19, 'a szerelmük'),
(2051, 20, 'Szeged'),
(2052, 21, 'Rodrigo'),
(2053, 22, 'keményített ingujj'),
(2054, 23, 'pásztor'),
(2055, 24, 'Virágéknál'),
(2056, 25, 'fogoj'),
(2057, 26, 'túrógombóc'),
(2058, 27, 'cickány'),
(2059, 28, 'George Michael'),
(2060, 29, 'a Tiszában'),
(2061, 30, 'a gyógyászatban'),
(2062, 31, 'rövid lejáratú kölcsönnel'),
(2063, 32, 'Pór Bertalan'),
(2064, 33, 'Stefan Edberg'),
(2065, 34, 'Zorán'),
(2066, 35, 'Elgáncsolta'),
(2067, 36, 'ünő'),
(2068, 37, 'összecsukódik'),
(2069, 38, 'Fűvágó'),
(2070, 39, 'Rodman'),
(2071, 40, 'játékgyártással'),
(2072, 41, 'vörös'),
(2073, 42, 'megnősül'),
(2074, 43, 'rostélyos'),
(2075, 44, 'falusi epületeket'),
(2076, 45, 'pálcikákkal'),
(2077, 46, 'Maurice Ravel'),
(2078, 47, 'a Kwai folyón'),
(2079, 48, 'atanáz'),
(2080, 49, 'velúr'),
(2081, 50, 'pletyka'),
(2082, 51, 'Kínát'),
(2083, 52, 'pirosat'),
(2084, 53, 'Thermopülai'),
(2085, 54, 'Irak'),
(2086, 55, 'a lengéscsillapítót'),
(2087, 56, 'Walter Gropius'),
(2088, 57, 'csillagvizsgáló'),
(2089, 58, 'Steinmann'),
(2090, 59, 'tök'),
(2091, 60, 'szorít értünk'),
(2092, 61, 'kiskosztümöt'),
(2093, 62, 'karfiol'),
(2094, 63, 'New Yorkban'),
(2095, 64, 'mágneses indukcióval'),
(2096, 65, 'New York'),
(2097, 66, 'alemann'),
(2098, 67, 'a gólyát'),
(2099, 68, 'Mexikó'),
(2100, 69, 'Ma'),
(2101, 70, 'amerikai'),
(2102, 71, 'egy lepedőt'),
(2103, 72, 'gaz'),
(2104, 73, 'a váll'),
(2105, 74, 'Jénában'),
(2106, 75, 'sós sörkorcsolya'),
(2107, 76, 'szárnyaikkal'),
(2108, 77, 'piktogramot'),
(2109, 78, 'aki talicskát tol'),
(2110, 79, 'megrándul'),
(2111, 80, 'bikavaj'),
(2112, 81, 'amfiteátrumban'),
(2113, 82, 'A szarvasmarhákrul'),
(2114, 83, 'lek'),
(2115, 84, 'Julius Caesar'),
(2116, 85, 'fűszer'),
(2117, 86, 'neoreneszánsz'),
(2118, 87, 'mindörökké'),
(2119, 88, 'Magyar Torna Klub'),
(2120, 89, 'Paraguyay'),
(2121, 90, 'New Yorkban'),
(2122, 91, 'Fizesd ki!'),
(2123, 92, 'szemöldökfa'),
(2124, 93, 'a bírói palást neve'),
(2125, 94, 'selyemszövésre'),
(2126, 95, 'cukorral'),
(2127, 96, 'Károlyi Mihály'),
(2128, 97, 'Vígszínház'),
(2129, 98, 'páfrány'),
(2130, 99, 'patkó alatt'),
(2131, 100, 'az özvegyek'),
(2132, 101, 'vasércből'),
(2133, 102, 'halálos'),
(2134, 103, 'Rigoletto'),
(2135, 104, 'szín- és alakutánzás'),
(2136, 105, 'kongregáció'),
(2137, 106, 'Blaha Lujza'),
(2138, 107, 'legfeljebb 20 km/óra'),
(2139, 108, 'Nehéz az út'),
(2140, 109, 'sötét'),
(2141, 110, 'alpaka'),
(2142, 111, 'Kolumbia'),
(2143, 112, 'a kotnyeles lettet'),
(2144, 113, 'a bakonyi betyárok'),
(2145, 114, 'Tuskó Hopkins'),
(2146, 115, 'teniszben'),
(2147, 116, 'Odin'),
(2148, 117, 'Szudán'),
(2149, 118, 'Anarchia!'),
(2150, 119, 'George Harrison'),
(2151, 120, 'szárazbab'),
(2152, 121, 'borkészítő eszközt'),
(2153, 122, 'Horvátországot'),
(2154, 123, 'csikóbőrös'),
(2155, 124, 'tomográfia'),
(2156, 125, 'Szása'),
(2157, 126, 'a kenguru'),
(2158, 127, 'Szózat'),
(2159, 128, 'Esterházy'),
(2160, 129, 'ügyeskedő'),
(2161, 130, 'a kecskesajtot'),
(2162, 131, 'kulcscsont'),
(2163, 132, 'Lusitania'),
(2164, 133, 'Zimbabwe'),
(2165, 134, 'egy város nevéről'),
(2166, 135, 'tarhonya'),
(2167, 136, 'Japánból'),
(2168, 137, 'Gloria Estefan'),
(2169, 138, 'reneszánsz'),
(2170, 139, 'galamb'),
(2171, 140, 'Salma Hayek'),
(2172, 141, 'Egressy Béni'),
(2173, 142, 'vándorbotot'),
(2174, 143, 'a Hármashatár-hegyen'),
(2175, 144, 'vízipipaként'),
(2176, 145, 'zöld'),
(2177, 146, 'Hollandia'),
(2178, 147, 'a virágzatáért'),
(2179, 148, 'a búza'),
(2180, 149, 'byte'),
(2181, 150, 'A megriadt ló'),
(2182, 151, 'Michael Palin'),
(2183, 152, 'Imre'),
(2184, 153, 'lilára'),
(2185, 154, 'fogunk'),
(2186, 155, 'pókerrel'),
(2187, 156, 'kurd koma'),
(2188, 157, 'József'),
(2189, 158, 'Színházban'),
(2190, 159, 'Ausztráliában'),
(2191, 160, 'jezsuiták'),
(2192, 161, 'belügy'),
(2193, 162, 'bérkocsis'),
(2194, 163, 'évszakok'),
(2195, 164, 'sült'),
(2196, 165, 'Dél-Bácskáról'),
(2197, 166, 'díszhalakat'),
(2198, 167, 'Szamosról'),
(2199, 168, 'tapétát'),
(2200, 169, 'dinamó'),
(2201, 170, 'a bábművészet'),
(2202, 171, 'go'),
(2203, 172, 'szovjet műhold'),
(2204, 173, 'Neil Simon'),
(2205, 174, 'Sziám'),
(2206, 175, 'csicseri'),
(2207, 176, 'boleró'),
(2208, 177, 'lehorgonyoz'),
(2209, 178, 'hegedű'),
(2210, 179, 'káposzta'),
(2211, 180, 'Sebes Gusztáv'),
(2212, 181, 'Ipoly'),
(2213, 182, 'lux'),
(2214, 183, 'malaclopó'),
(2215, 184, 'csáját'),
(2216, 185, 'elviselhetően'),
(2217, 186, 'Emile Zola'),
(2218, 187, 'bélyeg'),
(2219, 188, 'a hollandok'),
(2220, 189, 'Góbi-sivatag'),
(2221, 190, 'Tony Curtis'),
(2222, 191, 'Gavallérok'),
(2223, 192, 'hőszigetelőként'),
(2224, 193, 'Max Planck'),
(2225, 194, 'a kontinenseket és a tengereket'),
(2226, 195, 'boci'),
(2227, 196, 'kása'),
(2228, 197, 'fészkére'),
(2229, 198, 'német'),
(2230, 199, 'Laux József'),
(2231, 200, 'Krétán'),
(2232, 201, 'a szultán háremét'),
(2233, 202, 'Robert Oppenheimert'),
(2234, 203, 'Olivia de Havilland'),
(2235, 204, 'díjnyertes kandúrt'),
(2236, 205, 'kamillás'),
(2237, 206, 'Nautilus'),
(2238, 207, 'holland legelőről'),
(2239, 208, 'tiszavirág'),
(2240, 209, 'mamut'),
(2241, 210, 'Széchenyi István'),
(2242, 211, 'Isabella Rossellini'),
(2243, 212, 'Fürst Walter'),
(2244, 213, 'csupa pitypang'),
(2245, 214, 'mosogatni'),
(2246, 215, 'Kuba'),
(2247, 216, 'a klórt'),
(2248, 217, 'a Bécs felé vezető főutat'),
(2249, 218, 'zsebkést'),
(2250, 219, 'egy szigetről'),
(2251, 220, 'két éves koráig'),
(2252, 221, 'a zsiráf'),
(2253, 222, 'Carlos Santana'),
(2254, 223, '8-as'),
(2255, 224, 'La Fontaine'),
(2256, 225, 'cvikker'),
(2257, 226, 'a benzin minőségét'),
(2258, 227, 'robusztuskígyó'),
(2259, 228, 'a winchesterről'),
(2260, 229, 'gyertyán'),
(2261, 230, 'Pápán'),
(2262, 231, 'a sógort'),
(2263, 232, 'Szent György-templom'),
(2264, 233, 'Karthago'),
(2265, 234, 'Hannibált'),
(2266, 235, 'műkorcsolyában'),
(2267, 236, 'gázlómadárfajta'),
(2268, 237, 'szolgálója'),
(2269, 238, 'fagylaltjáról'),
(2270, 239, 'dimer'),
(2271, 240, 'cseleszta'),
(2272, 241, 'galacsinhajtó bogár'),
(2273, 242, 'a damaszkuszi úton'),
(2274, 243, 'amerikai rabszolgák'),
(2275, 244, 'viharágyúról'),
(2276, 245, 'bablevest'),
(2277, 246, 'Garonne'),
(2278, 247, 'Rolling Stones'),
(2279, 248, 'Ausztria'),
(2280, 249, 'adománnyal segítette'),
(2281, 250, 'csavar'),
(2282, 251, '10'),
(2283, 252, 'Howard Temin'),
(2284, 253, 'Havanna'),
(2285, 254, 'Timothy Hutton'),
(2286, 255, 'Glenn Miller'),
(2287, 256, 'medve'),
(2288, 257, 'anyacsavar meghúzására'),
(2289, 258, 'Körhinta'),
(2290, 259, 'őszi éjjel'),
(2291, 260, 'Schulek Frigyes'),
(2292, 261, 'a Traviatát'),
(2293, 262, 'windsori herceg'),
(2294, 263, 'Ádám'),
(2295, 264, 'London'),
(2296, 265, 'egy fél felhő'),
(2297, 266, 'a hölgykisérő'),
(2298, 267, 'repülésre'),
(2299, 268, 'tizenkettes'),
(2300, 269, 'hegedű'),
(2301, 270, 'Queen'),
(2302, 271, 'a Watergate-ügyről'),
(2303, 272, 'Anubisz'),
(2304, 273, 'a kokacserjét'),
(2305, 274, 'Botos András'),
(2306, 275, '"ki korán kel'),
(2307, 276, 'huszár'),
(2308, 277, 'bővítőkártyát'),
(2309, 278, 'labdarúgás'),
(2310, 279, 'a labdarúgó régiesen'),
(2311, 280, 'Honduras'),
(2312, 281, 'mozsár'),
(2313, 282, 'mese'),
(2314, 283, 'gyújtógyertya'),
(2315, 284, 'Papucs'),
(2316, 285, 'kisebb tárgyak gyűjtését'),
(2317, 286, 'mindkét sarkvidéken'),
(2318, 287, 'sárga'),
(2319, 288, 'Chopin'),
(2320, 289, 'vakond'),
(2321, 290, 'láb'),
(2322, 291, 'kanonok'),
(2323, 292, 'rügyeit'),
(2324, 293, 'tintahalat'),
(2325, 294, 'kutya'),
(2326, 295, 'színész'),
(2327, 296, 'ruhájáról'),
(2328, 297, 'tőzsdére'),
(2329, 298, 'citrom'),
(2330, 299, 'szövés'),
(2331, 300, 'Zsolt István'),
(2332, 301, 'Budapest'),
(2333, 302, 'Bíró László'),
(2334, 303, 'mocskos'),
(2335, 304, 'sárga'),
(2336, 305, 'rómeó'),
(2337, 306, 'tanári szemléltetőeszközt'),
(2338, 307, 'oroszlánok'),
(2339, 308, 'szamárköhögés'),
(2340, 309, 'pillangóúszásban'),
(2341, 310, 'Smetana'),
(2342, 311, 'Herkules'),
(2343, 312, 'Ausztria'),
(2344, 313, 'fúvóst'),
(2345, 314, 'Arizona'),
(2346, 315, 'Julius Caesar'),
(2347, 316, 'Kőbányára'),
(2348, 317, 'a zsinórpadlásra'),
(2349, 318, 'repülő'),
(2350, 319, 'számítógépes programnyelv'),
(2351, 320, 'Vasas'),
(2352, 321, 'licsi'),
(2353, 322, 'Józsefvárosi pályaudvar'),
(2354, 323, 'Kovács István'),
(2355, 324, 'Jom kippur'),
(2356, 325, 'mandarin'),
(2357, 326, 'eszes'),
(2358, 327, 'a fénysebesség'),
(2359, 328, 'a rómaiaké'),
(2360, 329, 'szikh'),
(2361, 330, 'fűrészfog'),
(2362, 331, 'Oroszország'),
(2363, 332, 'majom'),
(2364, 333, 'kaolin'),
(2365, 334, 'dinnye'),
(2366, 335, 'Botond'),
(2367, 336, 'szamár és öszvér utóda'),
(2368, 337, 'Oroszországban'),
(2369, 338, 'Genf'),
(2370, 339, 'Svédország'),
(2371, 340, 'a bőré'),
(2372, 341, 'Albert Flórián'),
(2373, 342, 'a locsolócső'),
(2374, 343, 'Könyves Kálmánról'),
(2375, 344, 'katalógus'),
(2376, 345, 'Kína'),
(2377, 346, 'Jane'),
(2378, 347, 'negyven ezüstért'),
(2379, 348, 'A fajok eredete'),
(2380, 349, 'a mostohaszülőséget'),
(2381, 350, 'olsz maffiozókat'),
(2382, 351, 'macskákról'),
(2383, 352, 'a Fekete-tengerbe'),
(2384, 353, '1.34'),
(2385, 354, 'zenés művek szövegkönyve'),
(2386, 355, 'cethal'),
(2387, 356, 'Spanyolország'),
(2388, 357, 'tehén'),
(2389, 358, 'fogunkat'),
(2390, 359, 'csavaroz'),
(2391, 360, 'a bányászokat'),
(2392, 361, 'Boccaccio'),
(2393, 362, 'tabla'),
(2394, 363, 'Őszikék'),
(2395, 364, 'kínai császárok'),
(2396, 365, 'a tervezőiroda vezetőjéről'),
(2397, 366, 'barna'),
(2398, 367, 'felderítő repülőgépről'),
(2399, 368, 'Búcsúzzunk el!'),
(2400, 369, 'úgy marad'),
(2401, 370, 'pálinkát'),
(2402, 371, 'Kolostorok szigete'),
(2403, 372, 'fodra'),
(2404, 373, 'a nemzet csalogánya'),
(2405, 374, 'vandál'),
(2406, 375, 'kancatejből'),
(2407, 376, '10000'),
(2408, 377, 'Jézus Krisztus Szupersztár'),
(2409, 378, 'monokini'),
(2410, 379, 'Berlin'),
(2411, 380, 'gejzír'),
(2412, 381, 'nadrágszíj'),
(2413, 382, 'hármat'),
(2414, 383, 'Hamupipőkéről'),
(2415, 384, 'Plútó'),
(2416, 385, 'Izland'),
(2417, 386, 'Balatonfüred'),
(2418, 387, 'Kurázsi mama'),
(2419, 388, 'hagymát hagymával'),
(2420, 389, 'építkezésre'),
(2421, 390, '40 nap'),
(2422, 391, 'kendert'),
(2423, 392, 'mellbőség'),
(2424, 393, 'meteorológiai vizsgálatokra'),
(2425, 394, 'Hruscsov'),
(2426, 395, 'Honolulu Star'),
(2427, 396, 'Madáchcsal'),
(2428, 397, 'vitorlázás'),
(2429, 398, 'légköri jelenség'),
(2430, 399, 'full'),
(2431, 400, 'marha'),
(2432, 401, 'sportolásra'),
(2433, 402, 'Mississippi'),
(2434, 403, 'Vosztok-1'),
(2435, 404, 'szövegkönyv'),
(2436, 405, 'Afrikában'),
(2437, 406, 'lóerő'),
(2438, 407, 'Malajzia'),
(2439, 408, 'Fejtő Ferenc'),
(2440, 409, 'sítalp'),
(2441, 410, 'harcsa'),
(2442, 411, 'ellátták kelengyével'),
(2443, 412, 'Lunavárosban'),
(2444, 413, 'hét'),
(2445, 414, 'fókából'),
(2446, 415, 'Pygmalion'),
(2447, 416, 'cetekkel'),
(2448, 417, 'a törzsé'),
(2449, 418, 'Uganda'),
(2450, 419, 'vásárfiát'),
(2451, 420, 'harminckettő'),
(2452, 421, 'selyem'),
(2453, 422, 'idegenvezetők'),
(2454, 423, '"István'),
(2455, 424, 'a teflonbevonatot'),
(2456, 425, 'parmezán'),
(2457, 426, 'romantikus zeneszerzők'),
(2458, 427, 'piros'),
(2459, 428, 'a velencei harangtoronyban'),
(2460, 429, 'Turán'),
(2461, 430, 'maltóz'),
(2462, 431, 'Montreálban'),
(2463, 432, 'kocsmáros'),
(2464, 433, 'pontusz'),
(2465, 434, 'Toldi szerelme'),
(2466, 435, 'első bálozó lányok'),
(2467, 436, 'évente'),
(2468, 437, 'pulykamellet'),
(2469, 438, 'bekötött szájjal'),
(2470, 439, 'Japánban'),
(2471, 440, 'Pó'),
(2472, 441, 'ugróegér'),
(2473, 442, 'polip'),
(2474, 443, 'Washington'),
(2475, 444, 'bokszolóról'),
(2476, 445, 'a balett-táncosok szoknyáját'),
(2477, 446, 'állatok etetésére'),
(2478, 447, 'az orosz cár'),
(2479, 448, 'a magas sziklákon'),
(2480, 449, '1988-ban'),
(2481, 450, 'csak'),
(2482, 451, 'Pearl Harborban'),
(2483, 452, 'Olaszország'),
(2484, 453, 'Minerva'),
(2485, 454, 'dharma'),
(2486, 455, 'talpra'),
(2487, 456, 'okoskodást'),
(2488, 457, 'gulipán'),
(2489, 458, 'Margit híd'),
(2490, 459, 'csendőrök'),
(2491, 460, 'Bizet: Carmen'),
(2492, 461, 'Bostonban'),
(2493, 462, 'tíz'),
(2494, 463, 'medúza'),
(2495, 464, 'Egy asszony meg a lánya'),
(2496, 465, 'csomót'),
(2497, 466, 'Erzsébet híd'),
(2498, 467, 'kidobó'),
(2499, 468, 'senki rétje'),
(2500, 469, 'tatami'),
(2501, 470, 'G.B.Shaw'),
(2502, 471, 'Battonyánál'),
(2503, 472, 'a Vénuszra'),
(2504, 473, 'július'),
(2505, 474, 'Elizeus'),
(2506, 475, 'a kokott'),
(2507, 476, 'Salome'),
(2508, 477, 'a pollen'),
(2509, 478, 'Koppenhága'),
(2510, 479, 'ökörszem'),
(2511, 480, 'Rómában'),
(2512, 481, 'A Vértes'),
(2513, 482, 'kacsa'),
(2514, 483, 'Széchenyi Istvánt'),
(2515, 484, 'Michelangelo'),
(2516, 485, 'a Bazilikában'),
(2517, 486, 'a gyökérgumója'),
(2518, 487, 'Truman'),
(2519, 488, 'meglovagolják'),
(2520, 489, 'Róma'),
(2521, 490, 'pagodában'),
(2522, 491, 'Marilyn Monroe-t'),
(2523, 492, '"Németország'),
(2524, 493, 'főútvonalon'),
(2525, 494, 'Csaran Szingh'),
(2526, 495, 'A király mulat'),
(2527, 496, 'a vándordalnokot'),
(2528, 497, 'fémvágásra'),
(2529, 498, 'Makót-Jeruzsálemet'),
(2530, 499, 'veréb'),
(2531, 500, '23'),
(2532, 501, 'Amerigo Tot'),
(2533, 502, 'Emil Zátopek'),
(2534, 503, 'mechanikus építőelemekből'),
(2535, 504, 'Mária Terézia'),
(2536, 505, 'Szentendrén'),
(2537, 506, 'Nézd meg az anyját'),
(2538, 507, 'cerkófmajom'),
(2539, 508, 'színházakban'),
(2540, 509, 'a rulettben'),
(2541, 510, 'Chicago Bulls'),
(2542, 511, 'Dobi István'),
(2543, 512, 'Justinianus császár'),
(2544, 513, 'Korál'),
(2545, 514, 'Baranya megyében'),
(2546, 515, 'Emerencia'),
(2547, 516, 'repülőn'),
(2548, 517, 'csendőr'),
(2549, 518, 'centrifugális'),
(2550, 519, 'kitörés'),
(2551, 520, 'tartsd szárazon a puskaport!'),
(2552, 521, 'bíborlepke'),
(2553, 522, 'Arkansas'),
(2554, 523, 'Pizarrótól'),
(2555, 524, 'Catherine Parr'),
(2556, 525, 'szerelem'),
(2557, 526, 'konzervatóriumi diákok'),
(2558, 527, 'vadászik'),
(2559, 528, 'törvények felett álló'),
(2560, 529, 'Jedikule'),
(2561, 530, 'kajak'),
(2562, 531, 'kórházba'),
(2563, 532, 'Vénusz'),
(2564, 533, 'patkány'),
(2565, 534, 'páva-pulyka'),
(2566, 535, 'új-zélandi törzs'),
(2567, 536, 'ideg'),
(2568, 537, 'Macskafogó'),
(2569, 538, 'egyet sem'),
(2570, 539, 'értékcsökkenés'),
(2571, 540, 'szántáshoz'),
(2572, 541, 'Nagy Sándor-út'),
(2573, 542, 'káromkodás'),
(2574, 543, 'szurok'),
(2575, 544, 'szúnyogok'),
(2576, 545, 'méterárut'),
(2577, 546, 'alumínium'),
(2578, 547, 'bark'),
(2579, 548, 'Rossini: A sevillai borbély'),
(2580, 549, 'Machu Picchu'),
(2581, 550, 'labdán pöttyöt'),
(2582, 551, 'Tihanyban'),
(2583, 552, 'Császárpingvin'),
(2584, 553, 'Westminster'),
(2585, 554, 'alkohol'),
(2586, 555, 'vívás'),
(2587, 556, 'paplan alatt'),
(2588, 557, 'Xénia'),
(2589, 558, 'darvak'),
(2590, 559, 'gubóban'),
(2591, 560, '80 nap'),
(2592, 561, 'fajd'),
(2593, 562, 'jó szelek'),
(2594, 563, 'Columbia'),
(2595, 564, 'kézfertőtlenítésre'),
(2596, 565, 'Madrid'),
(2597, 566, 'Schubert'),
(2598, 567, 'IV. Amenhotep'),
(2599, 568, 'fehér mályva'),
(2600, 569, 'lúdtalp'),
(2601, 570, 'Rómába'),
(2602, 571, 'Parádsasvár SC'),
(2603, 572, 'a cimbalom ütőit'),
(2604, 573, 'számítógépprogramot telepít'),
(2605, 574, 'tenéked magyarázzam?'),
(2606, 575, 'borókabogyóból'),
(2607, 576, 'XIV. Lajos'),
(2608, 577, 'a pontytetűnek'),
(2609, 578, 'olcsó húsnak'),
(2610, 579, 'menzakoszt'),
(2611, 580, 'fegyvert'),
(2612, 581, 'Alexander Bell'),
(2613, 582, 'Bozsik József'),
(2614, 583, 'Richard Gere'),
(2615, 584, 'Debrecenben'),
(2616, 585, 'Szemiramisz királynővel'),
(2617, 586, 'sárból tapasztott vackokban'),
(2618, 587, 'Steve Cram'),
(2619, 588, 'a mellékvese'),
(2620, 589, 'Harmadik típusú találkozások'),
(2621, 590, 'pulykák'),
(2622, 591, 'záp'),
(2623, 592, 'kar'),
(2624, 593, 'a tervezője volt'),
(2625, 594, 'az őrlőfogai'),
(2626, 595, 'az istenek álmát'),
(2627, 596, 'Almásy Lászlóról'),
(2628, 597, 'EEG - készülék'),
(2629, 598, 'egy orvos'),
(2630, 599, 'Lyon'),
(2631, 600, 'Gari Kaszparov'),
(2632, 601, 'gyíkot-hangyát'),
(2633, 602, 'a tőzsdén'),
(2634, 603, 'pokoli'),
(2635, 604, 'díszpáholyt'),
(2636, 605, 'puttony'),
(2637, 606, 'denevér'),
(2638, 607, 'H.E.L.P.'),
(2639, 608, 'a Marson'),
(2640, 609, 'Nagymaroson'),
(2641, 610, 'Cirill és Metód'),
(2642, 611, 'tizenegy méterről'),
(2643, 612, 'a Downing Streeten'),
(2644, 613, 'oroszlán'),
(2645, 614, 'London főpolgármesterét'),
(2646, 615, 'Lepidusnak'),
(2647, 616, 'aranyból'),
(2648, 617, 'Párizsban'),
(2649, 618, 'a szőlőben'),
(2650, 619, 'cigányprímás'),
(2651, 620, 'Jókai Mór'),
(2652, 621, 'exportképtelen'),
(2653, 622, 'Liechtenstein'),
(2654, 623, 'pengetős hangszer'),
(2655, 624, 'ha szabálytalanság történt'),
(2656, 625, 'King George III.'),
(2657, 626, 'kicsi'),
(2658, 627, 'vasparipa'),
(2659, 628, 'Carter'),
(2660, 629, 'jaguár'),
(2661, 630, 'Lipcse'),
(2662, 631, 'A vitamin'),
(2663, 632, 'Fock Jenő'),
(2664, 633, 'hattyúk'),
(2665, 634, 'Vaskancellár'),
(2666, 635, 'Vasvári Pált'),
(2667, 636, 'Hull a pelyhes'),
(2668, 637, 'a Gellért-hegy'),
(2669, 638, 'borókabogyóval'),
(2670, 639, 'kiszolgált'),
(2671, 640, 'a mókusét'),
(2672, 641, 'ILO'),
(2673, 642, 'farkas'),
(2674, 643, 'Oroszország'),
(2675, 644, 'MLSZ'),
(2676, 645, 'Vajdahunyad'),
(2677, 646, 'latin'),
(2678, 647, 'A három testőr Afrikában'),
(2679, 648, 'egy török bég nevéből'),
(2680, 649, 'Werner Siemens'),
(2681, 650, 'Bécsben'),
(2682, 651, 'ötvenet'),
(2683, 652, 'Galileo Galilei'),
(2684, 653, 'önarcképe'),
(2685, 654, 'bambuszt'),
(2686, 655, '"Játszd újra'),
(2687, 656, 'bábozás'),
(2688, 657, 'sarokba állítani'),
(2689, 658, 'málé'),
(2690, 659, 'Koppányt'),
(2691, 660, 'árvíz'),
(2692, 661, 'öt'),
(2693, 662, 'Karácsony János'),
(2694, 663, 'körmére ég a munka'),
(2695, 664, 'szalma'),
(2696, 665, 'fuszeklik fejedelme'),
(2697, 666, 'íráskor'),
(2698, 667, 'fonásra'),
(2699, 668, 'Baucisz'),
(2700, 669, 'prérifarkas'),
(2701, 670, 'a Térdszalagrend lovagja'),
(2702, 671, 'fut-ball-ed-ző'),
(2703, 672, 'leány'),
(2704, 673, 'cápáról'),
(2705, 674, 'az ábrándozás'),
(2706, 675, 'vadkutyát'),
(2707, 676, 'Katar'),
(2708, 677, 'magányos'),
(2709, 678, 'Álomcsapat'),
(2710, 679, 'Csinn-Bumm'),
(2711, 680, 'Superman'),
(2712, 681, 'Kurszán'),
(2713, 682, 'Boeingosz'),
(2714, 683, 'araszt'),
(2715, 684, 'a lábméretéről'),
(2716, 685, 'a szurkot'),
(2717, 686, 'Ringo Starr'),
(2718, 687, 'Kína'),
(2719, 688, 'súlyemelés'),
(2720, 689, 'katonai'),
(2721, 690, 'négyet'),
(2722, 691, 'Zeusz'),
(2723, 692, 'James Maxwell'),
(2724, 693, 'Hencidára'),
(2725, 694, 'gorilla'),
(2726, 695, 'teavíz forralására'),
(2727, 696, 'egy diót'),
(2728, 697, 'nátrium-szulfát'),
(2729, 698, 'kizárták a csatából'),
(2730, 699, 'Mükéné'),
(2731, 700, 'aláírt'),
(2732, 701, 'Fekete-Körös'),
(2733, 702, 'Haynaut'),
(2734, 703, 'Franciaország'),
(2735, 704, 'rakéta'),
(2736, 705, 'az Araráton'),
(2737, 706, 'vírusok'),
(2738, 707, 'Stannum'),
(2739, 708, 'libegő'),
(2740, 709, 'a seprűbolt'),
(2741, 710, 'Takács'),
(2742, 711, 'kikiáltási ár'),
(2743, 712, 'Bob herceg'),
(2744, 713, 'Ecuador'),
(2745, 714, 'Szent Ferenc'),
(2746, 715, 'Gerhard Schröder'),
(2747, 716, 'Duna'),
(2748, 717, 'moha'),
(2749, 718, 'tej'),
(2750, 719, 'tibeti-magyar szótár'),
(2751, 720, 'savanyú'),
(2752, 721, 'sumérok'),
(2753, 722, 'Csehszlovákia'),
(2754, 723, 'Fokhagyma'),
(2755, 724, 'Balti-tenger'),
(2756, 725, 'a tornácon'),
(2757, 726, 'üregi nyúl'),
(2758, 727, 'a Los Angeles-i olimpián'),
(2759, 728, 'Giorgio Vasari'),
(2760, 729, 'Vörös Brigádok'),
(2761, 730, 'nori'),
(2762, 731, 'menüett'),
(2763, 732, 'Törökország'),
(2764, 733, 'ordít'),
(2765, 734, 'a szivacsot'),
(2766, 735, 'Misi a moziban'),
(2767, 736, 'fallabdában'),
(2768, 737, 'Erzsébet'),
(2769, 738, 'Colorado'),
(2770, 739, 'Vasmarkú'),
(2771, 740, 'a napelem'),
(2772, 741, 'szamarat'),
(2773, 742, 'Szigetváron'),
(2774, 743, 'Don Juan deMarco'),
(2775, 744, 'arab sejkről'),
(2776, 745, 'pagoda'),
(2777, 746, 'Aramis'),
(2778, 747, 'ré'),
(2779, 748, 'eszkimó'),
(2780, 749, 'Földközi-tenger'),
(2781, 750, 'egy kártyalapról'),
(2782, 751, 'a színháza volt'),
(2783, 752, 'sherry'),
(2784, 753, 'víz fakad'),
(2785, 754, 'présszámmal'),
(2786, 755, 'Erős Antónia'),
(2787, 756, 'Seattle-ben'),
(2788, 757, 'egy adóellenőr'),
(2789, 758, 'a Szentföldre'),
(2790, 759, 'Egerben'),
(2791, 760, 'ötször'),
(2792, 761, 'Bükk'),
(2793, 762, '1910-ben'),
(2794, 763, 'rozs'),
(2795, 764, 'titkosszolgálat'),
(2796, 765, 'cápa'),
(2797, 766, 'Lordok Háza'),
(2798, 767, 'Megyer'),
(2799, 768, 'Neil Simon'),
(2800, 769, 'főzés'),
(2801, 770, 'A kígyó'),
(2802, 771, 'egy athéni törvényhozóról'),
(2803, 772, 'mint az aludttej'),
(2804, 773, 'bakócikkely'),
(2805, 774, 'Betlehemben'),
(2806, 775, 'nénikéjéhez Sanghajba'),
(2807, 776, '80 °C-on'),
(2808, 777, 'orosz nyaralót'),
(2809, 778, 'a lazacról'),
(2810, 779, 'Bizánc'),
(2811, 780, 'az íriszt'),
(2812, 781, 'mogyoró'),
(2813, 782, 'peseta'),
(2814, 783, 'a villamost'),
(2815, 784, 'gyermekei'),
(2816, 785, 'guggoló'),
(2817, 786, 'egyenlőség'),
(2818, 787, 'iniciálé'),
(2819, 788, 'hegedű'),
(2820, 789, 'vörös'),
(2821, 790, 'Albániából'),
(2822, 791, 'Zala'),
(2823, 792, 'Pete Sampras'),
(2824, 793, 'jó bornak'),
(2825, 794, 'betyár'),
(2826, 795, 'a II. világháború után'),
(2827, 796, 'Veszprémben'),
(2828, 797, 'gyermekbénulás'),
(2829, 798, 'olasz'),
(2830, 799, 'magyarok törökök ellen'),
(2831, 800, 'a halászatban'),
(2832, 801, 'Yes'),
(2833, 802, 'Szimba'),
(2834, 803, 'rizskoch'),
(2835, 804, 'a sárga köves úton'),
(2836, 805, 'vízhányó'),
(2837, 806, 'díszhalak tenyésztésével'),
(2838, 807, 'Bejrút'),
(2839, 808, 'a pisai ferde torony'),
(2840, 809, 'darázs'),
(2841, 810, 'Felhőfi'),
(2842, 811, 'a szerelem'),
(2843, 812, 'indiai nők'),
(2844, 813, 'Szegednél'),
(2845, 814, 'Konsztantyin Csernyenko'),
(2846, 815, 'oroszlán'),
(2847, 816, 'John McLaughlint'),
(2848, 817, 'lovászok itala'),
(2849, 818, 'Terike'),
(2850, 819, 'Kuba'),
(2851, 820, 'Írtál-e végrendeletet?'),
(2852, 821, 'kedve nem lehet'),
(2853, 822, 'sumér papok'),
(2854, 823, 'Szent Péter'),
(2855, 824, 'hogy igazoltatni fogják'),
(2856, 825, 'Szepesi György'),
(2857, 826, 'párduc'),
(2858, 827, 'énekesmadár'),
(2859, 828, 'Széchenyi István'),
(2860, 829, 'Ponchielli: Gioconda'),
(2861, 830, 'amit ma megvehetsz'),
(2862, 831, 'zsíros'),
(2863, 832, 'afrikai és indiai'),
(2864, 833, 'Pekingben'),
(2865, 834, '"Látszik'),
(2866, 835, 'az elítéltek'),
(2867, 836, 'Tibetben'),
(2868, 837, 'Párizsban'),
(2869, 838, 'II. (Vak) Béla'),
(2870, 839, 'Kisfaludy Sándor'),
(2871, 840, 'Üstdobos'),
(2872, 841, 'sajt'),
(2873, 842, 'Petur bán'),
(2874, 843, 'a nagycenki remete'),
(2875, 844, 'Kuba'),
(2876, 845, 'pacsirta'),
(2877, 846, 'A makrancos hölgy'),
(2878, 847, 'ramadán'),
(2879, 848, 'GATT'),
(2880, 849, 'Atlantában'),
(2881, 850, 'Niger'),
(2882, 851, 'Vespasianus'),
(2883, 852, 'Dzsingisz kán'),
(2884, 853, 'pisze'),
(2885, 854, 'Szent István'),
(2886, 855, 'császárpingvin'),
(2887, 856, 'Arany Pálma'),
(2888, 857, 'a paprikával'),
(2889, 858, 'a törvénytelen fiút'),
(2890, 859, 'ecet'),
(2891, 860, 'megvesszőzik'),
(2892, 861, 'Pakson'),
(2893, 862, 'jobbágy'),
(2894, 863, 'Dél-Amerika'),
(2895, 864, 'autogramm'),
(2896, 865, 'galléros pávián'),
(2897, 866, 'Danton'),
(2898, 867, 'Pápa'),
(2899, 868, 'Günter Grass'),
(2900, 869, 'mert ég a háza'),
(2901, 870, 'pozanon'),
(2902, 871, 'félcédulás'),
(2903, 872, 'szakácsok'),
(2904, 873, 'bujaság'),
(2905, 874, 'ravasz'),
(2906, 875, 'kontárok'),
(2907, 876, '30-40 / perc'),
(2908, 877, 'kontyba fésüli'),
(2909, 878, 'Esztert'),
(2910, 879, 'koala'),
(2911, 880, 'Fiesta'),
(2912, 881, 'Platón'),
(2913, 882, 'az árpacsíráztatást'),
(2914, 883, 'tortúra'),
(2915, 884, 'törvénytelen'),
(2916, 885, 'őszirózsa'),
(2917, 886, 'a ladikot'),
(2918, 887, 'Kazinczy Ferenc'),
(2919, 888, 'Amerikai Egyesült Államok'),
(2920, 889, 'Széchényi Ferenc'),
(2921, 890, 'a Thália Színház'),
(2922, 891, 'Egy magyar nábob'),
(2923, 892, 'sütőtök'),
(2924, 893, 'Huckleberry Finn'),
(2925, 894, '8'),
(2926, 895, 'belga'),
(2927, 896, 'hídon'),
(2928, 897, 'pizza'),
(2929, 898, 'téli álmot alszik'),
(2930, 899, 'farkas'),
(2931, 900, 'vadkanvadászaton'),
(2932, 901, 'velenceiek'),
(2933, 902, 'lesz még rosszabb!'),
(2934, 903, 'Stockholm'),
(2935, 904, 'pásztoreledel'),
(2936, 905, 'Jules Verne'),
(2937, 906, 'az amszterdami Ajax-stadionban'),
(2938, 907, 'Új-Guineából'),
(2939, 908, 'Hunyadi János'),
(2940, 909, 'középkori céhmesterek'),
(2941, 910, 'szőrös'),
(2942, 911, 'a tányéron keresztbe'),
(2943, 912, 'nyomdának'),
(2944, 913, 'hidrogén'),
(2945, 914, 'Leonardo: Mona Lisa'),
(2946, 915, 'kiskereskedők'),
(2947, 916, 'Torino'),
(2948, 917, 'albán'),
(2949, 918, 'rap'),
(2950, 919, 'Páduában'),
(2951, 920, 'Heine'),
(2952, 921, 'magházából'),
(2953, 922, 'alkoholt nem árusító bolt'),
(2954, 923, 'a gondnoktól'),
(2955, 924, 'Jerikó'),
(2956, 925, '24'),
(2957, 926, 'muhi csata'),
(2958, 927, 'Sárospataknál'),
(2959, 928, 'mohák'),
(2960, 929, 'Perzsiába'),
(2961, 930, 'Szigetvár'),
(2962, 931, 'francia'),
(2963, 932, 'Brahms'),
(2964, 933, 'bokrot'),
(2965, 934, 'Váradi Hédi'),
(2966, 935, 'Hollandiát'),
(2967, 936, 'Lőrinc barát'),
(2968, 937, 'A varázsfuvola'),
(2969, 938, 'rőt'),
(2970, 939, 'sekk'),
(2971, 940, 'Baján'),
(2972, 941, 'a Százholdas Pagonyban'),
(2973, 942, 'alvó'),
(2974, 943, 'kávéautomatát'),
(2975, 944, 'a bolygók állása'),
(2976, 945, 'II. István'),
(2977, 946, 'a vezérnőstény'),
(2978, 947, 'Claudio Monteverdi'),
(2979, 948, 'a korelnököt'),
(2980, 949, 'Van Gogh'),
(2981, 950, 'büntetett előéletéről'),
(2982, 951, 'csuklya mögé'),
(2983, 952, 'galamb'),
(2984, 953, 'objektív'),
(2985, 954, 'Elton John'),
(2986, 955, 'Nápolyt'),
(2987, 956, 'csatajelenet'),
(2988, 957, 'Péter apostol Jézustól'),
(2989, 958, 'szamár-öszvér'),
(2990, 959, 'varjú'),
(2991, 960, 'angol kódexmásolót'),
(2992, 961, 'a Lánchíd'),
(2993, 962, 'Ottó'),
(2994, 963, 'Nelson Piquet'),
(2995, 964, 'lóerőben'),
(2996, 965, 'kéretlen tanácsokat'),
(2997, 966, 'Zala'),
(2998, 967, 'Montreal'),
(2999, 968, 'Vejnemöjnen'),
(3000, 969, 'három'),
(3001, 970, 'az effendik'),
(3002, 971, 'kutyakereskedő'),
(3003, 972, 'argon'),
(3004, 973, 'Uruguayban'),
(3005, 974, 'cseh'),
(3006, 975, 'Antiokheia'),
(3007, 976, '"Sándor'),
(3008, 977, 'vágánybak'),
(3009, 978, 'táncos'),
(3010, 979, 'polc'),
(3011, 980, 'párduc'),
(3012, 981, 'Tanganyika-tó'),
(3013, 982, 'Genf'),
(3014, 983, 'Harry Rodger Webb'),
(3015, 984, 'Sánta Ferenc'),
(3016, 985, 'kartonból'),
(3017, 986, 'Louis Amstrong'),
(3018, 987, 'vurslit'),
(3019, 988, 'pocok'),
(3020, 989, 'száncsengő'),
(3021, 990, 'Frankel Leóval'),
(3022, 991, 'Bottyán János'),
(3023, 992, 'Pál'),
(3024, 993, 'a vállpántja'),
(3025, 994, 'Szentendrén'),
(3026, 995, 'Párizsban'),
(3027, 996, 'bárányszívű'),
(3028, 997, 'zsírozás'),
(3029, 998, 'virágzó'),
(3030, 999, 'újságot'),
(3031, 1000, 'Rod Stewart'),
(3032, 1001, 'hosszú'),
(3033, 1002, 'Nagy Sándor'),
(3034, 1003, 'Rippl-Rónai Józsefről'),
(3035, 1004, '386'),
(3036, 1005, 'nagy bunda'),
(3037, 1006, 'csillagokkal'),
(3038, 1007, 'hőálló üvegből'),
(3039, 1008, 'alga'),
(3040, 1009, 'muskátli'),
(3041, 1010, 'Egerszegi Krisztina'),
(3042, 1011, 'II. Ulászló'),
(3043, 1012, 'tevék'),
(3044, 1013, 'a káposzta is megmarad'),
(3045, 1014, 'Mr. Tomato'),
(3046, 1015, 'a gombját'),
(3047, 1016, 'Hamburg'),
(3048, 7, 'Metró'),
(3049, 8, '"mint a menekülő'),
(3050, 9, 'japán kakasokkal'),
(3051, 10, 'öt'),
(3052, 11, 'dolgozók'),
(3053, 12, 'tekercske'),
(3054, 13, 'luxban'),
(3055, 14, 'gyermekét tartó'),
(3056, 15, 'Locomotive'),
(3057, 16, 'Korányi Sándor'),
(3058, 17, 'kormorán'),
(3059, 18, 'Andy Cole-t'),
(3060, 19, 'az állatmesék'),
(3061, 20, 'Debrecen'),
(3062, 21, 'Zorro'),
(3063, 22, 'csipkés gallér'),
(3064, 23, 'kőszikla'),
(3065, 24, 'Gólyáéknál'),
(3066, 25, 'zsivaj'),
(3067, 26, 'gránátos kocka'),
(3068, 27, 'tengerimalac'),
(3069, 28, 'Elton John'),
(3070, 29, 'a teknőben'),
(3071, 30, 'a szakácsművészetben'),
(3072, 31, 'cserével'),
(3073, 32, 'Szőnyi István'),
(3074, 33, 'Boris Becker'),
(3075, 34, 'Vikidál Gyula'),
(3076, 35, 'Parittyával leterítette'),
(3077, 36, 'csődör'),
(3078, 37, 'festékanyagot spriccel'),
(3079, 38, 'Fenyődöntő'),
(3080, 39, 'Pippen'),
(3081, 40, 'gépkocsigyártással'),
(3082, 41, 'kék'),
(3083, 42, 'ekét tesztel'),
(3084, 43, 'felsál'),
(3085, 44, 'operaelőadásokat'),
(3086, 45, 'dominóval'),
(3087, 46, 'Nino Rota'),
(3088, 47, 'a Szakvenen'),
(3089, 48, 'ottomán'),
(3090, 49, 'nubuk'),
(3091, 50, 'nőiszirom'),
(3092, 51, 'Mezopotámiát'),
(3093, 52, 'feketét'),
(3094, 53, 'Gibraltári'),
(3095, 54, 'Szaúd-Arábia'),
(3096, 55, 'a porlasztót'),
(3097, 56, 'Antonio Gaudi'),
(3098, 57, 'könyvtár'),
(3099, 58, 'Bauer'),
(3100, 59, 'treff'),
(3101, 60, 'hogy figyeljünk rá'),
(3102, 61, 'lábszárvédőt'),
(3103, 62, 'fejes káposzta'),
(3104, 63, 'Liverpoolban'),
(3105, 64, 'elektromossággal'),
(3106, 65, 'Detroit'),
(3107, 66, 'méd'),
(3108, 67, 'a jól tanuló diákot'),
(3109, 68, 'Kanada'),
(3110, 69, 'Pesti Hírlap'),
(3111, 70, 'belga'),
(3112, 71, 'egy fabatkát sem'),
(3113, 72, 'borsó'),
(3114, 73, 'a fül'),
(3115, 74, 'Herenden'),
(3116, 75, 'édes gyümölcslé'),
(3117, 76, 'faroktollaikkal'),
(3118, 77, 'gyorsfényképet'),
(3119, 78, 'aki állatokat terel'),
(3120, 79, 'borostás lesz'),
(3121, 80, 'papsajt'),
(3122, 81, 'termában'),
(3123, 82, 'A kétfejű sasrul'),
(3124, 83, 'lwei'),
(3125, 84, 'Rubik Ernő'),
(3126, 85, 'tinta'),
(3127, 86, 'klasszicista'),
(3128, 87, 'úgy legyen'),
(3129, 88, 'Magyar Tornászok Köre'),
(3130, 89, 'Bolívia'),
(3131, 90, 'Londonban'),
(3132, 91, 'Küld le!'),
(3133, 92, 'kapufa'),
(3134, 93, 'ügyvédi pecsét neve'),
(3135, 94, 'petárda készítésére'),
(3136, 95, 'szesszel'),
(3137, 96, 'Eötvös József'),
(3138, 97, 'Pesti Színház'),
(3139, 98, 'gombaféle'),
(3140, 99, 'sós kútban'),
(3141, 100, 'a menyecskék'),
(3142, 101, 'nikkelből'),
(3143, 102, 'bolondos'),
(3144, 103, 'Traviata'),
(3145, 104, 'szaganyag-felismerés'),
(3146, 105, 'konklávé'),
(3147, 106, 'Ujházi Ede'),
(3148, 107, 'legfeljebb 10 km/óra'),
(3149, 108, 'Ne sírjatok lányok!'),
(3150, 109, 'komor'),
(3151, 110, 'naja'),
(3152, 111, 'Mexikó'),
(3153, 112, 'a sertéskarajt'),
(3154, 113, 'az apacsok'),
(3155, 114, 'az igazi Trebitsch'),
(3156, 115, 'atlétikában'),
(3157, 116, 'Ozirisz'),
(3158, 117, 'Brazília'),
(3159, 118, 'Heuréka!'),
(3160, 119, 'Ringo Starr'),
(3161, 120, 'sárgaborsó'),
(3162, 121, 'vallatóeszközt'),
(3163, 122, 'Szlovákiát'),
(3164, 123, 'tehéntőgyes'),
(3165, 124, 'polder'),
(3166, 125, 'Szergej'),
(3167, 126, 'az oroszlán'),
(3168, 127, 'Pató Pál úr'),
(3169, 128, 'Rákóczi'),
(3170, 129, 'lovagiatlan'),
(3171, 130, 'a rozscipót'),
(3172, 131, 'észszerű'),
(3173, 132, 'Aurora'),
(3174, 133, 'Dél-afrikai Köztársaság'),
(3175, 134, 'egy tenyésztő nevéről'),
(3176, 135, 'burgonya'),
(3177, 136, 'Egyiptomból'),
(3178, 137, 'Madonna'),
(3179, 138, 'barokk'),
(3180, 139, 'kolibri'),
(3181, 140, 'Imelda Marcos'),
(3182, 141, 'Liszt Ferenc'),
(3183, 142, 'kesztyűt'),
(3184, 143, 'a Széchenyi-hegyen'),
(3185, 144, 'kabátként'),
(3186, 145, 'fekete'),
(3187, 146, 'Andorra'),
(3188, 147, 'a gyökértörzséért'),
(3189, 148, 'a kávé'),
(3190, 149, 'basic'),
(3191, 150, 'A rémület arca'),
(3192, 151, 'Terry Gilliam'),
(3193, 152, 'János'),
(3194, 153, 'zöldre'),
(3195, 154, 'ádámcsutkánk'),
(3196, 155, 'lóverseny-fogadással'),
(3197, 156, 'fűszernövény'),
(3198, 157, 'Noé'),
(3199, 158, 'Szilveszter éje 1847-ben'),
(3200, 159, 'Kanadában'),
(3201, 160, 'ferencesek'),
(3202, 161, 'pénzügy'),
(3203, 162, 'kottamásoló'),
(3204, 163, 'királyok'),
(3205, 164, 'főtt'),
(3206, 165, 'Burgenlandról'),
(3207, 166, 'teheneket'),
(3208, 167, 'Marosról'),
(3209, 168, 'alkoholt'),
(3210, 169, 'távcső'),
(3211, 170, 'a cserépedények'),
(3212, 171, 'rikiki'),
(3213, 172, 'amerikai vadászrepölő'),
(3214, 173, 'Moliére'),
(3215, 174, 'Formosa'),
(3216, 175, 'csácsogó'),
(3217, 176, 'rumba'),
(3218, 177, 'nagyobb sebességre vált'),
(3219, 178, 'nagybőgő'),
(3220, 179, 'paradicsom'),
(3221, 180, 'Hoffer József'),
(3222, 181, 'Sió'),
(3223, 182, 'farad'),
(3224, 183, 'macskahajtó'),
(3225, 184, 'krampampulit'),
(3226, 185, 'elrettentően'),
(3227, 186, 'Gustave Flaubert'),
(3228, 187, 'érme'),
(3229, 188, 'az inkák'),
(3230, 189, 'Líbiai-sivatag'),
(3231, 190, 'Richard Gere'),
(3232, 191, 'Macskajáték'),
(3233, 192, 'óvszerként'),
(3234, 193, 'Max Born'),
(3235, 194, 'a földköpenyt és a földkérget'),
(3236, 195, 'csacsi'),
(3237, 196, 'konkoly'),
(3238, 197, 'széllel'),
(3239, 198, 'holland'),
(3240, 199, 'Németh Oszkár'),
(3241, 200, 'Korzikán'),
(3242, 201, 'a török kávéházat'),
(3243, 202, 'Szilárd Leót'),
(3244, 203, 'Bette Davis'),
(3245, 204, 'kártyajátékot'),
(3246, 205, 'kámeás'),
(3247, 206, 'Santa Maria'),
(3248, 207, 'tehénfajtáról'),
(3249, 208, 'csombor'),
(3250, 209, 'tapír'),
(3251, 210, 'Batthány Lajos'),
(3252, 211, 'Michelle Pfeiffer'),
(3253, 212, 'Harras Rudolf'),
(3254, 213, 'madárdaltól hangos'),
(3255, 214, 'port törölni'),
(3256, 215, 'Panama'),
(3257, 216, 'a magnéziumot'),
(3258, 217, 'a nászutat'),
(3259, 218, 'térdnadrágot'),
(3260, 219, 'egy ókori városról'),
(3261, 220, 'az utolsó ellésig'),
(3262, 221, 'az öreg hölgy'),
(3263, 222, 'Eric Clapton'),
(3264, 223, '11-es'),
(3265, 224, 'Andersen'),
(3266, 225, 'cekker'),
(3267, 226, 'hangterjedelmet'),
(3268, 227, 'gigantoteknős'),
(3269, 228, 'a coltról'),
(3270, 229, 'nyír'),
(3271, 230, 'Szentendrén'),
(3272, 231, 'a nagybácsit'),
(3273, 232, 'Kálvária-templom'),
(3274, 233, 'Corvina'),
(3275, 234, 'Dareioszt'),
(3276, 235, 'sportlövészetben'),
(3277, 236, 'cipészszerszám'),
(3278, 237, 'szerelme'),
(3279, 238, 'ásványtani kiállításairól'),
(3280, 239, 'dzsigg'),
(3281, 240, 'klarinét'),
(3282, 241, 'kőrisbogár'),
(3283, 242, 'a Rómába vezető úton'),
(3284, 243, 'pretoriai polgárjogi harcosok'),
(3285, 244, 'gulyáságyúról'),
(3286, 245, 'a feketelevest'),
(3287, 246, 'Loire'),
(3288, 247, 'Queen'),
(3289, 248, 'Spanyolország'),
(3290, 249, 'ő restaurálta'),
(3291, 250, 'kúp'),
(3292, 251, '12'),
(3293, 252, 'Robert Koch'),
(3294, 253, 'Buenos Aires'),
(3295, 254, 'Timothy Dalton'),
(3296, 255, 'Cole Porter'),
(3297, 256, 'farkas'),
(3298, 257, 'nyelvtanulásra'),
(3299, 258, 'Vurstli'),
(3300, 259, 'szedés közben'),
(3301, 260, 'Alpár Ignác'),
(3302, 261, 'az Aidát'),
(3303, 262, 'walesi herceg'),
(3304, 263, 'Rómeó'),
(3305, 264, 'Wellington'),
(3306, 265, 'egy fél villám'),
(3307, 266, 'a hűséges eb'),
(3308, 267, 'távírásra'),
(3309, 268, 'kettes'),
(3310, 269, 'nagybőgő'),
(3311, 270, 'Led Zeppelin'),
(3312, 271, 'a Reagan-merényletről'),
(3313, 272, 'Ámon-Ré'),
(3314, 273, 'a kinint'),
(3315, 274, 'Orbán László'),
(3316, 275, 'pénz áll a házhoz'),
(3317, 276, 'hajdú'),
(3318, 277, 'új hajlékonylemezt'),
(3319, 278, 'kerékpározás'),
(3320, 279, 'énekesmadár'),
(3321, 280, 'Tajvan'),
(3322, 281, 'szita'),
(3323, 282, 'tizennégy karátos'),
(3324, 283, 'gyutacs'),
(3325, 284, 'Hobó'),
(3326, 285, 'nyelvi játékokat'),
(3327, 286, 'Dél-Ausztráliában'),
(3328, 287, 'vörös'),
(3329, 288, 'Rahmanyinov'),
(3330, 289, 'kutya'),
(3331, 290, 'derék'),
(3332, 291, 'bíboros'),
(3333, 292, 'virágát'),
(3334, 293, 'elegáns szeszes italt'),
(3335, 294, 'méhecske'),
(3336, 295, 'zenész'),
(3337, 296, 'munkájáról'),
(3338, 297, 'lóversenypályára'),
(3339, 298, 'tök'),
(3340, 299, 'aratás'),
(3341, 300, 'Vágner László'),
(3342, 301, 'Szeged'),
(3343, 302, 'Louis Renault'),
(3344, 303, 'löttyedt'),
(3345, 304, 'színtelen'),
(3346, 305, 'prosperó'),
(3347, 306, 'kétfedelű repülőgépet'),
(3348, 307, 'farkasok'),
(3349, 308, 'tuberkolózis'),
(3350, 309, 'mellúszásban'),
(3351, 310, 'Dohnányi Ernő'),
(3352, 311, 'Aladdin'),
(3353, 312, 'Szlovákia'),
(3354, 313, 'billentyűst'),
(3355, 314, 'Utah'),
(3356, 315, 'Crassus'),
(3357, 316, 'pulykafarmra'),
(3358, 317, 'a zenekari árokba'),
(3359, 318, 'kerékpár'),
(3360, 319, 'madárnyelv'),
(3361, 320, 'Ferencváros'),
(3362, 321, 'kesudió'),
(3363, 322, 'Nyugati pályaudvar'),
(3364, 323, 'Szabó Bence'),
(3365, 324, 'macesz'),
(3366, 325, 'kókusz'),
(3367, 326, 'ravasz'),
(3368, 327, 'a szaturáció'),
(3369, 328, 'a kínaiaké'),
(3370, 329, 'muzulmán'),
(3371, 330, 'teafog'),
(3372, 331, 'Amerikai Egyesült Államok'),
(3373, 332, 'tengerimalac'),
(3374, 333, 'polisztirol'),
(3375, 334, 'szőlő'),
(3376, 335, 'Huba'),
(3377, 336, 'ló és öszvér utóda'),
(3378, 337, 'Görögországban'),
(3379, 338, 'Montreal'),
(3380, 339, 'Finnország'),
(3381, 340, 'a tüdőé'),
(3382, 341, 'Bozsik József'),
(3383, 342, 'a metszőolló'),
(3384, 343, 'Mátyás királyról'),
(3385, 344, 'katarzis'),
(3386, 345, 'Franciaország'),
(3387, 346, 'Eve'),
(3388, 347, 'húsz aranyért'),
(3389, 348, 'A homo sapiens eredete'),
(3390, 349, 'a násznagyságot'),
(3391, 350, 'egy apacs törzset'),
(3392, 351, 'denevérekről'),
(3393, 352, 'a Márvány-tengerbe'),
(3394, 353, '3.33'),
(3395, 354, 'rabszolgák felszabadítása'),
(3396, 355, 'oroszlán'),
(3397, 356, 'Brazília'),
(3398, 357, 'bárány'),
(3399, 358, 'tüdőnket'),
(3400, 359, 'pénzt ver'),
(3401, 360, 'a rendőröket'),
(3402, 361, 'Dickens'),
(3403, 362, 'cseleszta'),
(3404, 363, 'Emlékkönyv'),
(3405, 364, 'tibeti szerzetesek'),
(3406, 365, 'a gyár igazgatójáról'),
(3407, 366, 'fehér'),
(3408, 367, 'anyahajóról'),
(3409, 368, 'Éljünk a mának!'),
(3410, 369, 'úgy gereblyézik'),
(3411, 370, 'befőttet'),
(3412, 371, 'Papok szigete'),
(3413, 372, 'alsószoknyája'),
(3414, 373, 'a nagyasszony'),
(3415, 374, 'viking'),
(3416, 375, 'mákból'),
(3417, 376, '1000'),
(3418, 377, 'Az Operaház fantomja'),
(3419, 378, 'kimonó'),
(3420, 379, 'Varsó'),
(3421, 380, 'lavina'),
(3422, 381, 'nadrágtartó'),
(3423, 382, 'négyet'),
(3424, 383, 'Hüvelyk Matyiról'),
(3425, 384, 'Szaturnusz'),
(3426, 385, 'Írország'),
(3427, 386, 'Fonyód'),
(3428, 387, 'Fáklyaláng'),
(3429, 388, 'hamburgert kólával'),
(3430, 389, 'fűtésre'),
(3431, 390, '1 év'),
(3432, 391, 'sonkát'),
(3433, 392, 'vállszélesség'),
(3434, 393, 'reklámcélokra'),
(3435, 394, 'Lenin'),
(3436, 395, '"Mi újság'),
(3437, 396, 'Madách-csal'),
(3438, 397, 'vívás'),
(3439, 398, 'trópusi lepkekezdemény'),
(3440, 399, 'talján'),
(3441, 400, 'galamb'),
(3442, 401, 'fúrásra'),
(3443, 402, 'Amazonas'),
(3444, 403, 'Szojuz-1'),
(3445, 404, 'száraz kenyér'),
(3446, 405, 'Szibériában'),
(3447, 406, 'newton'),
(3448, 407, 'Costa Rica'),
(3449, 408, 'Illyés Gyula'),
(3450, 409, 'lúdtalp'),
(3451, 410, 'varsa'),
(3452, 411, 'pellengérre állították'),
(3453, 412, 'Űrvárosban'),
(3454, 413, 'három'),
(3455, 414, 'bolhából'),
(3456, 415, 'Szent Johanna'),
(3457, 416, 'gyógyfürdőkkel'),
(3458, 417, 'a lábszáré'),
(3459, 418, 'Közép-afrikai Köztársaság'),
(3460, 419, 'a vásáros fiát'),
(3461, 420, 'huszonnyolc'),
(3462, 421, 'angóra'),
(3463, 422, 'mezőgazdasági szakemberek'),
(3464, 423, 'Sztárcsinálók'),
(3465, 424, 'az aszpirint'),
(3466, 425, 'ementáli'),
(3467, 426, 'cárellenes összeesküvők'),
(3468, 427, 'sárga'),
(3469, 428, 'a pisai ferde toronyban'),
(3470, 429, 'Gyulán'),
(3471, 430, 'glükóz'),
(3472, 431, 'Münchenben'),
(3473, 432, 'szőlő'),
(3474, 433, 'apszis'),
(3475, 434, 'Toldi a rengetegben'),
(3476, 435, 'idős asszonyok'),
(3477, 436, 'évtizedenként'),
(3478, 437, 'kacsalábat'),
(3479, 438, 'bekötött szemmel'),
(3480, 439, 'Olaszországban'),
(3481, 440, 'Reno'),
(3482, 441, 'gekkó'),
(3483, 442, 'bárány'),
(3484, 443, 'Velence'),
(3485, 444, 'zsokéról'),
(3486, 445, 'a borivók gallérját'),
(3487, 446, 'papírgyártásra'),
(3488, 447, 'Batu kán'),
(3489, 448, 'a tavaszi réteken'),
(3490, 449, '1991-ben'),
(3491, 450, 'bizony'),
(3492, 451, 'Okinava szigetén'),
(3493, 452, 'Nagy-Britannia'),
(3494, 453, 'Rhea Silvia'),
(3495, 454, 'mahájána'),
(3496, 455, 'a fejükre'),
(3497, 456, 'térképkészítést'),
(3498, 457, 'cinke'),
(3499, 458, 'Erzsébet híd'),
(3500, 459, 'orvosok'),
(3501, 460, 'Gounod: Faust'),
(3502, 461, 'Dallasban'),
(3503, 462, 'hét'),
(3504, 463, 'teknős'),
(3505, 464, 'A leányanya'),
(3506, 465, 'masnit'),
(3507, 466, 'Szabadság híd'),
(3508, 467, 'eső'),
(3509, 468, 'néma barázda'),
(3510, 469, 'ikebana'),
(3511, 470, 'Neil Simon'),
(3512, 471, 'Hódmezővásárhelynél'),
(3513, 472, 'az Ióra'),
(3514, 473, 'szeptember'),
(3515, 474, 'Fülöp'),
(3516, 475, 'a zsakett'),
(3517, 476, 'Antónia'),
(3518, 477, 'a párta'),
(3519, 478, 'Bagdad'),
(3520, 479, 'tyúkszem'),
(3521, 480, 'Lyonban'),
(3522, 481, 'Thököly'),
(3523, 482, 'csirke'),
(3524, 483, 'Wesselényi Miklóst'),
(3525, 484, 'Danton'),
(3526, 485, 'a Mátyás-temploban'),
(3527, 486, 'a magja'),
(3528, 487, 'bitumen'),
(3529, 488, 'elszívják'),
(3530, 489, 'Nápoly'),
(3531, 490, 'minaretben'),
(3532, 491, 'Anita Ekberget'),
(3533, 492, '"Spanyolország'),
(3534, 493, 'autópályán'),
(3535, 494, 'Csandra Sékhar'),
(3536, 495, 'A bérgyilkos vallomása'),
(3537, 496, 'a futárt'),
(3538, 497, 'nádaratásra'),
(3539, 498, 'Hencidát-Boncidát'),
(3540, 499, 'párduc'),
(3541, 500, '25'),
(3542, 501, 'Caravaggio'),
(3543, 502, 'Jesse Owens'),
(3544, 503, 'programokból és adatokból'),
(3545, 504, 'II. József'),
(3546, 505, 'Pécsett'),
(3547, 506, 'Számold a pénzét'),
(3548, 507, 'lajhár'),
(3549, 508, 'varrodákban'),
(3550, 509, 'a huszonegyben'),
(3551, 510, 'Orlando Magic'),
(3552, 511, 'Tildy Zoltán'),
(3553, 512, 'Gergely pápa'),
(3554, 513, 'Edda'),
(3555, 514, 'Csongrád megyében'),
(3556, 515, 'Eulália'),
(3557, 516, 'metrón'),
(3558, 517, 'festő'),
(3559, 518, 'univerzális'),
(3560, 519, 'sáncolás'),
(3561, 520, 'építs flottát!'),
(3562, 521, 'bíborcsiga'),
(3563, 522, 'Kentucky'),
(3564, 523, 'Toscanellitől'),
(3565, 524, 'Cleve-i Anna'),
(3566, 525, 'szerencse'),
(3567, 526, 'béka-hadak'),
(3568, 527, 'őröl'),
(3569, 528, 'nem kívánatos'),
(3570, 529, 'Kutikula'),
(3571, 530, 'vitorlázás'),
(3572, 531, 'országgyűlésre'),
(3573, 532, 'Szaturnusz'),
(3574, 533, 'hidra'),
(3575, 534, 'mama-lánya'),
(3576, 535, 'tibeti szerzetes'),
(3577, 536, 'hártya'),
(3578, 537, 'Macskakarom'),
(3579, 538, 'csak a kezdőt'),
(3580, 539, 'figyelmeztetés'),
(3581, 540, 'fonáshoz'),
(3582, 541, 'borostyánút'),
(3583, 542, 'titkosírás kódja'),
(3584, 543, 'cement'),
(3585, 544, 'nyulak'),
(3586, 545, 'vasárut'),
(3587, 546, 'üveg'),
(3588, 547, 'brigg'),
(3589, 548, 'Puccini: Tosca'),
(3590, 549, 'Quetzalcoatl'),
(3591, 550, 'zoknin lyukat'),
(3592, 551, 'Badacsonyban'),
(3593, 552, 'Őzgida'),
(3594, 553, 'Windsor'),
(3595, 554, 'víz'),
(3596, 555, 'úszás'),
(3597, 556, 'a csillagos ég alatt'),
(3598, 557, 'Georgina'),
(3599, 558, 'vörös csillagok'),
(3600, 559, 'bogasban'),
(3601, 560, '1680 nap'),
(3602, 561, 'páva'),
(3603, 562, 'szép kilátás'),
(3604, 563, 'Discovery'),
(3605, 564, 'hegedűk gyantázására'),
(3606, 565, 'Barcelona'),
(3607, 566, 'Schumann'),
(3608, 567, 'III. Thotmesz'),
(3609, 568, 'fagyöngy'),
(3610, 569, 'lúdláb'),
(3611, 570, 'Genfbe'),
(3612, 571, 'Sashalom FC'),
(3613, 572, 'az ajtó vasalását'),
(3614, 573, 'repülőgépet irányít'),
(3615, 574, 'erre inni kell!'),
(3616, 575, 'borbolyából'),
(3617, 576, 'Nagy Károly'),
(3618, 577, 'a póknak'),
(3619, 578, 'használt mosogatórongynak'),
(3620, 579, 'gyomnövény'),
(3621, 580, 'gyógyteát'),
(3622, 581, 'John Tungsram'),
(3623, 582, 'Détári Lajos'),
(3624, 583, 'Kurt Russel'),
(3625, 584, 'Veszprémben'),
(3626, 585, 'Sába királynőjével'),
(3627, 586, 'dús aljnövényzetben'),
(3628, 587, 'Marcus O Sullivan'),
(3629, 588, 'az agyalapi mirigy'),
(3630, 589, 'Hair'),
(3631, 590, 'nünükék'),
(3632, 591, 'egyszerű'),
(3633, 592, 'bot'),
(3634, 593, 'az igazgatója volt'),
(3635, 594, 'a zápfogai'),
(3636, 595, 'a tüzet'),
(3637, 596, 'Teleki Sámuelről'),
(3638, 597, 'EKG - készülék'),
(3639, 598, 'egy francia lovag'),
(3640, 599, 'Párizs'),
(3641, 600, 'Anatolij Karpov'),
(3642, 601, 'kígyót-békát'),
(3643, 602, 'a bíróságon'),
(3644, 603, 'felrobbant'),
(3645, 604, 'színészbejárót'),
(3646, 605, 'pince'),
(3647, 606, 'kakukk'),
(3648, 607, 'R.C.E.'),
(3649, 608, 'a Plútón'),
(3650, 609, 'Budán'),
(3651, 610, 'XI. Gergely pápa'),
(3652, 611, 'hét méterről'),
(3653, 612, 'a Baker Streeten'),
(3654, 613, 'kenguru'),
(3655, 614, 'a király nagybátyját'),
(3656, 615, 'Brennusnak'),
(3657, 616, 'mézeskalácsból'),
(3658, 617, 'Monte-Carlóban'),
(3659, 618, 'a postahivatalban'),
(3660, 619, 'naív festő'),
(3661, 620, 'Gárdonyi Géza'),
(3662, 621, 'fizetésképtelen'),
(3663, 622, 'San Marino'),
(3664, 623, 'rézfúvós hangszer'),
(3665, 624, 'ha viszi az első ütést'),
(3666, 625, 'Triumph'),
(3667, 626, 'nagy'),
(3668, 627, 'sínoroszlán'),
(3669, 628, 'Nixon'),
(3670, 629, 'hiúz'),
(3671, 630, 'Drezda'),
(3672, 631, 'B vitamin'),
(3673, 632, 'Kádár János'),
(3674, 633, 'kacsák'),
(3675, 634, 'Vaslady'),
(3676, 635, 'a rab Rábyt'),
(3677, 636, 'A kommandós Mikulás'),
(3678, 637, 'a Szabadság-hegy'),
(3679, 638, 'ginszenggel'),
(3680, 639, 'csahos'),
(3681, 640, 'a farkasét'),
(3682, 641, 'ITO'),
(3683, 642, 'fogó'),
(3684, 643, 'Kína'),
(3685, 644, 'BLASZ'),
(3686, 645, 'Székesfehérvár'),
(3687, 646, 'szláv'),
(3688, 647, '"Piszkos Fred'),
(3689, 648, 'középkori vámszedőkről'),
(3690, 649, 'Heinrich Hertz'),
(3691, 650, 'Berlinben'),
(3692, 651, 'harmincötöt'),
(3693, 652, 'Giordano Bruno'),
(3694, 653, 'szobabelső'),
(3695, 654, 'grimbuszt'),
(3696, 655, '"Ossz újra'),
(3697, 656, 'begubódzás'),
(3698, 657, 'leszidni'),
(3699, 658, 'lütyő'),
(3700, 659, 'Gézát'),
(3701, 660, 'tűzvész'),
(3702, 661, 'négy'),
(3703, 662, 'Tátrai Tibor'),
(3704, 663, '"boldogan él'),
(3705, 664, 'széna'),
(3706, 665, 'fejedelmek táncosa'),
(3707, 666, 'kosárlabdázás közben'),
(3708, 667, 'mosásra'),
(3709, 668, 'Venus'),
(3710, 669, 'bölény'),
(3711, 670, 'az angol Borrend lovagja'),
(3712, 671, 'be-ton-dzsun-gel'),
(3713, 672, 'virág'),
(3714, 673, 'sirályról'),
(3715, 674, 'a fogyókúra'),
(3716, 675, 'lovas szánt'),
(3717, 676, 'Omán'),
(3718, 677, 'virágzó'),
(3719, 678, 'Az elsők'),
(3720, 679, 'Csinnadratta'),
(3721, 680, 'James Bond'),
(3722, 681, 'Ajtony'),
(3723, 682, 'Tupoljevosz'),
(3724, 683, 'fényévet'),
(3725, 684, 'a hét egyik napjáról'),
(3726, 685, 'a főinkvizítort'),
(3727, 686, 'George Harrison'),
(3728, 687, 'Mexikó'),
(3729, 688, 'súlylökés'),
(3730, 689, 'szórakoztató'),
(3731, 690, 'kettőt'),
(3732, 691, 'Agamemnon'),
(3733, 692, 'Michael Faraday'),
(3734, 693, 'Boncidára'),
(3735, 694, 'guzlica'),
(3736, 695, 'sportolásra'),
(3737, 696, 'a sapkáját'),
(3738, 697, 'nátrium-klorid'),
(3739, 698, 'elvették az üveggolyóit'),
(3740, 699, 'Milétosz'),
(3741, 700, 'sokszorosított'),
(3742, 701, 'Maros'),
(3743, 702, 'Caraffát'),
(3744, 703, 'Németország'),
(3745, 704, 'gömb'),
(3746, 705, 'Ferihegyen'),
(3747, 706, 'falósejtek'),
(3748, 707, 'Omnium'),
(3749, 708, 'fogaskerekű'),
(3750, 709, 'felmosás'),
(3751, 710, 'Thibault'),
(3752, 711, 'rajt ár'),
(3753, 712, 'A denevér'),
(3754, 713, 'Uganda'),
(3755, 714, 'Szent Ágoston'),
(3756, 715, 'Johannes Rau'),
(3757, 716, 'Weser'),
(3758, 717, 'alga'),
(3759, 718, 'tojás'),
(3760, 719, 'Magyar Enciklopédia'),
(3761, 720, 'sós'),
(3762, 721, 'föníciaiak'),
(3763, 722, 'Hollandia'),
(3764, 723, 'Chili'),
(3765, 724, 'Földközi-tenger'),
(3766, 725, 'a pincében'),
(3767, 726, 'kutya'),
(3768, 727, 'az atlantai olimpián'),
(3769, 728, 'Michelangelo Buonarroti'),
(3770, 729, 'Vörösgárdisták'),
(3771, 730, 'nippon'),
(3772, 731, 'kánkán'),
(3773, 732, 'Indonézia'),
(3774, 733, 'mocorog'),
(3775, 734, 'a keszkenőt'),
(3776, 735, 'aki disznók közé keveredett'),
(3777, 736, 'íjászatban'),
(3778, 737, 'Sára'),
(3779, 738, 'Kansas'),
(3780, 739, 'Acéltorku'),
(3781, 740, 'a sugárhajtómű'),
(3782, 741, 'pulykát'),
(3783, 742, 'Pécsváradon'),
(3784, 743, 'Lope de Vega'),
(3785, 744, 'búr ültetvényesről'),
(3786, 745, 'kastély'),
(3787, 746, 'Cyrano'),
(3788, 747, 'szó'),
(3789, 748, 'albínó'),
(3790, 749, 'Vörös-tenger'),
(3791, 750, 'egy tánclépésről'),
(3792, 751, 'a színésznője volt'),
(3793, 752, 'bordói'),
(3794, 753, 'megáll az idő'),
(3795, 754, 'puttonyszámmal'),
(3796, 755, 'Forgách Gábor'),
(3797, 756, 'Londonban'),
(3798, 757, 'egy őrnagy'),
(3799, 758, 'Bizánc ellen'),
(3800, 759, 'Nagykőrösön'),
(3801, 760, 'négyszer'),
(3802, 761, 'Börzsöny'),
(3803, 762, '1906-ban'),
(3804, 763, 'vető'),
(3805, 764, 'hadügyminisztérium'),
(3806, 765, 'majom'),
(3807, 766, 'Urak Háza'),
(3808, 767, 'Besenyő'),
(3809, 768, 'Jean Giraudoux'),
(3810, 769, 'sütés'),
(3811, 770, 'A róka'),
(3812, 771, 'egy alexandriai tanárról'),
(3813, 772, 'mint a villamos'),
(3814, 773, 'pallosjog'),
(3815, 774, 'Názáretben'),
(3816, 775, 'bácsikájához Alaszkába'),
(3817, 776, '1000 °C-on'),
(3818, 777, 'grúz feketeteát'),
(3819, 778, 'a pisztrángról'),
(3820, 779, 'Bagdad'),
(3821, 780, 'a nárciszt'),
(3822, 781, 'dió'),
(3823, 782, 'centimo'),
(3824, 783, 'a lajhárt'),
(3825, 784, 'falába'),
(3826, 785, 'az oldalán fekvő'),
(3827, 786, 'szabadság'),
(3828, 787, 'margó'),
(3829, 788, 'trombita'),
(3830, 789, 'sárga'),
(3831, 790, 'Olaszországból'),
(3832, 791, 'Somogy'),
(3833, 792, 'Ilie Philippoussis'),
(3834, 793, 'jó bőrnek'),
(3835, 794, 'márciusi ifjú'),
(3836, 795, 'a honfoglalás korában'),
(3837, 796, 'Tatán'),
(3838, 797, 'skarlát'),
(3839, 798, 'orosz'),
(3840, 799, 'törökök osztrákok ellen'),
(3841, 800, 'a motorolajgyártásban'),
(3842, 801, 'Police'),
(3843, 802, 'Seherezádé'),
(3844, 803, 'rizsma'),
(3845, 804, 'vasúton'),
(3846, 805, 'vízköpő'),
(3847, 806, 'régi tárgyak gyűjtésével'),
(3848, 807, 'Bangkok'),
(3849, 808, 'a margitszigeti víztorony'),
(3850, 809, 'varjú'),
(3851, 810, 'Rókafi'),
(3852, 811, 'a méhek'),
(3853, 812, 'kínai földművesek'),
(3854, 813, 'Szolnoknál'),
(3855, 814, 'Mihail Gorbacsov'),
(3856, 815, 'sas'),
(3857, 816, 'Chick Coreát'),
(3858, 817, 'kártyajáték'),
(3859, 818, 'Borika'),
(3860, 819, 'Haiti'),
(3861, 820, 'Imádkoztál-e?'),
(3862, 821, 'embert nem ehet'),
(3863, 822, 'kínai mandarinok'),
(3864, 823, 'Szent Ignác'),
(3865, 824, 'hogy esni fog'),
(3866, 825, 'Ipper Pál'),
(3867, 826, 'jaguár'),
(3868, 827, 'futóbab'),
(3869, 828, 'Kossuth Lajos'),
(3870, 829, 'Puccini: Bohémélet'),
(3871, 830, 'amit ma meglelhetsz'),
(3872, 831, 'finom'),
(3873, 832, 'alaszkai és mandzsúriai'),
(3874, 833, 'Tibetben'),
(3875, 834, 'Látszólag megbánta bűneit'),
(3876, 835, 'a leprások'),
(3877, 836, 'Hóreb hegyén'),
(3878, 837, 'Fokvárosban'),
(3879, 838, 'Könyves Kálmán'),
(3880, 839, 'Kisfaludy Károly'),
(3881, 840, 'Flinstone'),
(3882, 841, 'kefir'),
(3883, 842, 'Biberach'),
(3884, 843, 'a nemzet lelkiismerete'),
(3885, 844, 'Chile'),
(3886, 845, 'málinkó'),
(3887, 846, 'Sok hűhó semmiért'),
(3888, 847, 'dzsihád'),
(3889, 848, 'TAFC'),
(3890, 849, 'Los Angelesben'),
(3891, 850, 'Kamerun'),
(3892, 851, 'Traianus'),
(3893, 852, 'Mohikán'),
(3894, 853, 'szószátyár'),
(3895, 854, 'Szent László'),
(3896, 855, 'kócsag'),
(3897, 856, 'Arany Glóbusz'),
(3898, 857, 'az uborkával'),
(3899, 858, 'az örökbefogadott fiút'),
(3900, 859, 'tejföl'),
(3901, 860, 'kiklopfolják'),
(3902, 861, 'Százhalombattán'),
(3903, 862, 'muzsik'),
(3904, 863, 'Afrika'),
(3905, 864, 'diagram'),
(3906, 865, 'gorilla'),
(3907, 866, 'Saint-Just'),
(3908, 867, 'Zirc'),
(3909, 868, 'Bohumil Hrabal'),
(3910, 869, 'mert rossz házba ment be'),
(3911, 870, 'trombitán'),
(3912, 871, 'cédulás'),
(3913, 872, 'tímárok'),
(3914, 873, 'hiúság'),
(3915, 874, 'erőszakos'),
(3916, 875, 'maszekok'),
(3917, 876, '60-80 / perc'),
(3918, 877, 'beszárítja'),
(3919, 878, 'Juditot'),
(3920, 879, 'mosómedve'),
(3921, 880, 'Matador'),
(3922, 881, 'Arkhimédész'),
(3923, 882, 'a sörfőzést'),
(3924, 883, 'matúra'),
(3925, 884, 'megeszi a nagyhal'),
(3926, 885, 'vadrózsa'),
(3927, 886, 'a piócát'),
(3928, 887, 'Batsányi János'),
(3929, 888, 'Mozambik'),
(3930, 889, 'Savoyai Jenő'),
(3931, 890, 'az Operett Színház'),
(3932, 891, 'A kőszívű ember fiai'),
(3933, 892, 'csütörtök'),
(3934, 893, 'a koldus és a királyfi'),
(3935, 894, '4'),
(3936, 895, 'holland'),
(3937, 896, 'úttesten'),
(3938, 897, 'sztrapacska'),
(3939, 898, 'nagy családokban él'),
(3940, 899, 'szarvas'),
(3941, 900, 'a török táborban'),
(3942, 901, 'spanyolok'),
(3943, 902, 'nem eléggé!'),
(3944, 903, 'London'),
(3945, 904, 'poén nélküli vicc'),
(3946, 905, 'Victor Hugo'),
(3947, 906, 'a bécsi Práterben'),
(3948, 907, 'Rómából'),
(3949, 908, 'Géza fejedelem'),
(3950, 909, 'tetőfedők'),
(3951, 910, 'bolhás'),
(3952, 911, 'a tányéron párhuzamosan'),
(3953, 912, 'kávéháznak'),
(3954, 913, 'nitrogén'),
(3955, 914, 'Szinyei: A lilaruhás nő'),
(3956, 915, 'magántitkárok'),
(3957, 916, 'AC Milan'),
(3958, 917, 'finn'),
(3959, 918, 'house'),
(3960, 919, 'Lisszabonban'),
(3961, 920, 'Goethe'),
(3962, 921, 'bibeszálából'),
(3963, 922, 'Afrikában honos fafajta'),
(3964, 923, 'a gondoktól'),
(3965, 924, 'Szodoma'),
(3966, 925, '26'),
(3967, 926, 'vérszerződés'),
(3968, 927, 'Tokajnál'),
(3969, 928, 'ciprusfélék'),
(3970, 929, 'Egyiptomba'),
(3971, 930, 'Debrecen'),
(3972, 931, 'német'),
(3973, 932, 'Liszt Ferenc'),
(3974, 933, 'borzot'),
(3975, 934, 'Gobbi Hilda');
INSERT INTO `answer` (`id`, `id_question`, `answer`) VALUES
(3976, 935, 'Norvégiát'),
(3977, 936, 'Tuck barát'),
(3978, 937, 'Prométheusz'),
(3979, 938, 'kecske'),
(3980, 939, 'krach'),
(3981, 940, 'Pécsett'),
(3982, 941, 'az Üveghegyen túl'),
(3983, 942, 'fogfájós'),
(3984, 943, 'automata kártyajátékost'),
(3985, 944, 'a kávé illata'),
(3986, 945, 'III. András'),
(3987, 946, 'a kölyöknőstény'),
(3988, 947, 'Joseph Haydn'),
(3989, 948, 'a legfiatalabb tagot'),
(3990, 949, 'Tolulouse-Lautrec'),
(3991, 950, 'egy állati testrészről'),
(3992, 951, 'a hóna alá'),
(3993, 952, 'kakukk'),
(3994, 953, 'szubjektív'),
(3995, 954, 'Freddy Mercury'),
(3996, 955, 'Rómát'),
(3997, 956, 'mitológiai jelenet'),
(3998, 957, 'Ben Hur Messalától'),
(3999, 958, 'erős-gyenge'),
(4000, 959, 'sólyom'),
(4001, 960, 'mocsári virágot'),
(4002, 961, 'a Szabadság híd'),
(4003, 962, 'Jenő'),
(4004, 963, 'Ayrton Senna'),
(4005, 964, 'karátban'),
(4006, 965, 'zsetonokat'),
(4007, 966, 'Marcal'),
(4008, 967, 'Québec'),
(4009, 968, 'Paavo Nurmi'),
(4010, 969, 'négy'),
(4011, 970, 'a kádik'),
(4012, 971, 'postás'),
(4013, 972, 'hélium'),
(4014, 973, 'Brazíliában'),
(4015, 974, 'katalán'),
(4016, 975, 'Myra'),
(4017, 976, 'Márk'),
(4018, 977, 'mozdonykos'),
(4019, 978, 'halász'),
(4020, 979, 'ágy'),
(4021, 980, 'hiúz'),
(4022, 981, 'Nagy-Rabszolga-tó'),
(4023, 982, 'Helsinki'),
(4024, 983, 'Lionel Richie'),
(4025, 984, 'Féja Géza'),
(4026, 985, 'posztóból'),
(4027, 986, 'David Bowie'),
(4028, 987, 'veknit'),
(4029, 988, 'ürge'),
(4030, 989, 'az ószeres hangja'),
(4031, 990, 'Rosa Luxemburggal'),
(4032, 991, 'Báthory Zsigmond'),
(4033, 992, 'Péter'),
(4034, 993, 'a díszes gombja'),
(4035, 994, 'Vácott'),
(4036, 995, 'New Yorkban'),
(4037, 996, 'nyuszikedélyű'),
(4038, 997, 'dinsztelés'),
(4039, 998, 'fehér'),
(4040, 999, 'egyetemet'),
(4041, 1000, 'Paul McCartney'),
(4042, 1001, 'erőltetett'),
(4043, 1002, 'Napóleon'),
(4044, 1003, 'Szinyei Merse Pálról'),
(4045, 1004, '405'),
(4046, 1005, 'nagy zakó'),
(4047, 1006, 'kabátgombbal'),
(4048, 1007, 'agyagból'),
(4049, 1008, 'pingvin'),
(4050, 1009, 'liliom'),
(4051, 1010, 'Balczó András'),
(4052, 1011, 'I. Ulászló'),
(4053, 1012, 'vihar'),
(4054, 1013, 'a karalábé is elfogy'),
(4055, 1014, 'Mr. Bean'),
(4056, 1015, 'a gallérját'),
(4057, 1016, 'Nürnberg');

-- --------------------------------------------------------

--
-- Table structure for table `owners`
--

DROP TABLE IF EXISTS `owners`;
CREATE TABLE `owners` (
  `username` varchar(45) NOT NULL,
  `password` varchar(45) NOT NULL,
  `privilege` int(11) NOT NULL
) ENGINE=InnoDB DEFAULT CHARSET=utf8;

--
-- Dumping data for table `owners`
--

INSERT INTO `owners` (`username`, `password`, `privilege`) VALUES
('admin1', 'apass1', 1),
('admin2', 'apass2', 1),
('manager1', 'apass3', 2),
('manager2', 'apass4', 2);

-- --------------------------------------------------------

--
-- Table structure for table `position`
--

DROP TABLE IF EXISTS `position`;
CREATE TABLE `position` (
  `id` int(11) NOT NULL,
  `name` varchar(45) DEFAULT NULL
) ENGINE=InnoDB DEFAULT CHARSET=utf8;

--
-- Dumping data for table `position`
--

INSERT INTO `position` (`id`, `name`) VALUES
(1, 'Junior Android Developer'),
(2, 'Senior Android Developer'),
(3, 'Junior iOS Developer'),
(4, 'Senior iOS Developer'),
(5, 'Általános műveltség');

-- --------------------------------------------------------

--
-- Table structure for table `privileges`
--

DROP TABLE IF EXISTS `privileges`;
CREATE TABLE `privileges` (
  `idprivileges` int(11) NOT NULL,
  `nameprivileges` varchar(45) NOT NULL
) ENGINE=InnoDB DEFAULT CHARSET=utf8;

--
-- Dumping data for table `privileges`
--

INSERT INTO `privileges` (`idprivileges`, `nameprivileges`) VALUES
(1, 'admin'),
(2, 'manager');

-- --------------------------------------------------------

--
-- Table structure for table `question`
--

DROP TABLE IF EXISTS `question`;
CREATE TABLE `question` (
  `id` int(11) NOT NULL,
  `question` varchar(500) DEFAULT NULL,
  `id_questiontype` int(11) NOT NULL,
  `id_position` int(11) DEFAULT NULL
) ENGINE=InnoDB DEFAULT CHARSET=utf8;

--
-- Dumping data for table `question`
--

INSERT INTO `question` (`id`, `question`, `id_questiontype`, `id_position`) VALUES
(1, 'What Is the Google Android SDK?', 3, 1),
(2, 'What is the Android Architecture?', 3, 1),
(3, 'How to pass the data between activities in Android?', 2, 1),
(4, ' What are the layouts available in android?', 2, 1),
(5, 'What is an activity in Android?', 1, 1),
(6, 'Is it possible to have an activity without UI to perform action/actions?', 1, 1),
(7, 'Melyik járműről elnevezett együttes tagja volt Zorán a 60-as években?', 2, 5),
(8, 'Hogyan vágtatott a Tisza Petőfi verse szerint?', 2, 5),
(10, 'Hány játékos van egyszerre a pályán egy kosárlabda-csapatból?', 2, 5),
(11, 'Kiknek az érdekeit képviseli az UNICEF?', 2, 5),
(12, 'Hogyan nevezték kedveskedve a homlokba hulló kis fodor női hajfürtöt?', 2, 5),
(13, 'Milyen egységben mérik a hang rezgésszámát?', 2, 5),
(15, 'Mi volt a neve George Stephenson első mozdonyának?', 2, 5),
(16, 'Ki volt a gyermekorvostan első tanára hazánkban?', 2, 5),
(17, 'Hogy nevezzük másképpen a kárókatonát?', 2, 5),
(18, '"Melyik futballistát nevezik ""Fekete gyöngyszem""-nek?"', 2, 5),
(20, '"Melyik magyar várost nevezik a ""vizek városának""?"', 2, 5),
(22, 'Milyen része egy ruhának a zsabó?', 2, 5),
(23, '"Apostol szavunk a görög ""aposztolosz"" szóból származik. Mi a szó eredeti jelentése?"', 2, 5),
(24, 'Hol sütik már a rántott békát?', 2, 5),
(25, 'Az alábbi szavak közül melyiket írtuk helytelenül?', 2, 5),
(26, 'Az alábbi ételek közül melyikbe nem kell burgonya?', 2, 5),
(27, 'Milyen állat a Fekete István történetéből ismert Lutra?', 2, 5),
(28, '"Melyik híres popsztár slágerei voltak a ""Bad"" illetve a ""Black Or White""?"', 2, 5),
(29, 'Hol mossa a lepedőjét Ágnes asszony Arany János balladájában?', 2, 5),
(30, 'Hol használták régen az édesvízi piócák egyes fajait?', 2, 5),
(32, 'Kinek a nevéhez fűződik a Züzü-sorozat?', 2, 5),
(33, 'Ki minden idők legfiatalabb wimbledoni férfi teniszbajnoka?', 2, 5),
(34, 'Az alábbi ismert énekesek közül ki játszotta saját magát Sándor Pál Ripacsok című filmjében?', 2, 5),
(35, 'Hogyan győzte le Dávid Góliátot?', 2, 5),
(36, 'Mi a neve a hím szamárnak?', 2, 5),
(38, 'Az alábbiak közül ki a Fehérlófia című népmese szereplője?', 2, 5),
(40, 'Mivel foglalkozott idősebb Rubik Ernő?', 2, 5),
(41, 'Milyen színű lesz a lakmuszpapír sav hatására?', 2, 5),
(43, 'Az alábbiak közül melyik nem marhahús?', 2, 5),
(44, 'Miket láthatunk egy skanzenben?', 2, 5),
(45, 'Mivel játsszák a marokkó nevű játékot?', 2, 5),
(46, 'Ki komponálta a West Side Story című musical zenéjét?', 2, 5),
(47, 'Hol építettek hidat az angol hadifoglyok David Lean filmjében?', 2, 5),
(48, 'Hogyan nevezték a kozák katonai parancsnokot?', 2, 5),
(50, 'Az alábbiak közül melyik egy sütemény neve?', 2, 5),
(51, 'Melyik országot nevezték a Nílus ajándékának?', 2, 5),
(52, 'Milyen lapot mutat fel a játékvezető a labdarúgásban kiállításkor?', 2, 5),
(53, 'Melyik szoros szabályozásának tervét készítette Vásárhelyi Pál?', 2, 5),
(54, 'Melyik ország vallási és politikai vezetője volt Komeini ajatollah?', 2, 5),
(55, 'Az autó melyik alkatrészét találta fel Bánki Donát és Csonka János?', 2, 5),
(56, 'Ki tervezte a barcelonai Sagrada Família katedrálist?', 2, 5),
(57, 'Mi volt az egri Líceum Spekula nevű épülete?', 2, 5),
(58, 'Mi a neve a jó tanulónak Karinthy Tanár úr kérem című művében?', 2, 5),
(59, 'Melyik nem a francia kártya színe?', 2, 5),
(60, 'Miért szorítja meg ujjunkat egy újszülött csecsemő?', 2, 5),
(62, 'Melyik konyhakerti növényt termesztik ehető virágzatáért?', 2, 5),
(63, 'Melyik városban lötték le John Lennont?', 2, 5),
(64, 'Mivel keltette életre teremtményét dr. Frankenstein az eredeti történetben?', 2, 5),
(66, 'Melyik egy finnugor nép neve?', 2, 5),
(67, 'Mit neveznek a Kecskemét környéki nyelvjárásban garabónak?', 2, 5),
(68, 'Melyik országban található a Szent András-törésvonal?', 2, 5),
(69, 'Melyik irodalmi újság indult 1916-ban?', 2, 5),
(70, 'Milyen gyártású gőzmozdonyok közlekedtek az első magyar gőzüzemű vasútvonalon?', 2, 5),
(71, '"""Mennyit ér"" az értéktelen árú?"', 2, 5),
(72, 'Az egyik magyar népmesében égig ér a paszuly. Milyen növény ez a valóságban?', 2, 5),
(74, 'Hol találták fel a hőmérséklet-változásokra érzéketlen üveget?', 2, 5),
(75, 'Mi a sörbet?', 2, 5),
(76, 'Hogyan tájékozódnak éjszaka a denevérek?', 2, 5),
(77, 'Milyen különleges képet készít a Nobel-díjas Gábor Dénes találmánya?', 2, 5),
(78, 'Az alábbiak közül ki nem számít gyalogosnak a KRESZ szerint?', 2, 5),
(80, '"Az alábbi ""tejtermékek"" közül melyik növénynév?"', 2, 5),
(81, 'Hol rendezték a gladiátorjátékokat az ókori rómaiak?', 2, 5),
(82, 'Az alábbiak közül melyik mű fűződik Széchenyi István nevéhez?', 2, 5),
(83, 'Mi Albánia pénzneme?', 2, 5),
(84, '"Kinek a nevéhez fűződik a mondás: ""A kocka el van vetve""?"', 2, 5),
(85, 'Minek a tárolására szolgált a butélia?', 2, 5),
(86, 'Milyen stílusban épült az esztergomi főszékesegyház?', 2, 5),
(87, '"Mit jelent az imát lezáró ""ámen"" szó?"', 2, 5),
(88, 'Minek a rövidítése az MTK?', 2, 5),
(89, 'Melyik ország nem határos Brazíliával?', 2, 5),
(90, '"Hol játszódik Bernstein ""West Side Story"" című musicalje?"', 2, 5),
(91, '"""Mit csinálj"" a sörrel a Fonográf együttes slágerének címe szerint?"', 2, 5),
(93, 'Hogyan kapcsolódik az igazságszolgáltatáshoz a talár?', 2, 5),
(94, 'Mire használják az ázsiai népek a dzsunkát?', 2, 5),
(95, 'Mivel tartósítanak a kandírozás során?', 2, 5),
(97, 'Melyik színház igazgatója volt Major Tamás?', 2, 5),
(98, 'Milyen növény a borbolya?', 2, 5),
(99, 'A közhiedelem szerint hol puhították őseink a húst?', 2, 5),
(100, 'Kik hordták a pártát?', 2, 5),
(101, 'Melyik ércből állítják elő az alumíniumot?', 2, 5),
(102, 'Milyen tavasz szerepel a Karády Katalin főszereplésével készült film címében?', 2, 5),
(103, '"Melyik Verdi-operában hangzik el ""Az asszony ingatag"" kezdetű ária?"', 2, 5),
(104, 'Az előlények milyen képessége a mimikri?', 2, 5),
(105, 'Hogyan nevezik a bíborosok pápaválasztó gyűlését?', 2, 5),
(106, 'Ki játszotta János vitézt Kacsóh Pongrác daljátékának bemutatóján?', 2, 5),
(107, 'A KRESZ szerint mekkora sebességgel közlekedhet a segédmotoros kerékpár a kerékpárúton?', 2, 5),
(108, 'Melyik volt az Illés együttes első nagylemeze?', 2, 5),
(109, '"Milyen ""kamrában"" dolgoznak a fényképészek?"', 2, 5),
(110, 'Melyik állat neve egyezik meg egy nyakban hordott női ruhadarab nevével?', 2, 5),
(111, 'Melyik mai állam területén éltek az aztékok?', 2, 5),
(112, 'Az alábbiak közül melyiket nevezik kotlettnek?', 2, 5),
(113, 'Kik készítettek először szakócát?', 2, 5),
(114, 'Ki kerül közelebbi kapcsolatba a tizennégy karátos autóval a Rejtő-regényben?', 2, 5),
(116, 'Kinek a palotája volt a mitológia szerint a Valhalla?', 2, 5),
(117, 'Melyik országnak van a legtöbb szomszédja?', 2, 5),
(119, 'A Beatles-együttes melyik tagja viselt szemüveget?', 2, 5),
(120, 'Az alábbiak közül melyikből készítik a sóletet?', 2, 5),
(121, 'Mit neveztek spanyolcsizmának?', 2, 5),
(122, 'Melyik országot nem érinti a Duna?', 2, 5),
(123, 'Milyen volt a híres magyar kulacs?', 2, 5),
(124, 'Milyen fényképezési eljárás során készül el a fénykép egy-két perc alatt?', 2, 5),
(125, 'Melyen nevű orosz katonától búcsúzik a Pa-Dö-Dö együttes?', 2, 5),
(126, 'Melyik állat vált Berlin jelképévé?', 2, 5),
(127, '"Melyik versben szerepel a ""sehonnai bitang ember""?"', 2, 5),
(128, 'Melyik neves család épített kastélyt Fertődön?', 2, 5),
(129, 'Milyen tulajdonság jellemez egy konjunktúralovagot?', 2, 5),
(130, '"Az alábbi ételek közül melyiket nevezik ""gömböcnek""?"', 2, 5),
(131, 'Az alábbiak közül melyik a helytelen írásmód?', 2, 5),
(133, 'Melyik ország területén található a Kalahári-sivatag?', 2, 5),
(134, 'Miről kapta a nevét a rottweiler kutyafajta?', 2, 5),
(135, 'Az alábbiak közül melyik nem növénynév?', 2, 5),
(136, 'Honnan ered az akupunktúra mint gyógymód?', 2, 5),
(137, '"Melyik énekesnő játszotta az ""Evita"" című film címszerepét?"', 2, 5),
(138, 'Zömmel milyen építészeti stílusban épült Jákon a bencés apátság temploma?', 2, 5),
(139, 'Melyik madár tud hátrafelé is repülni?', 2, 5),
(140, 'Ki alakítja Esmeraldát a népszerű sorozatban?', 2, 5),
(141, 'Ki zenésítette meg a Szózatot?', 2, 5),
(143, 'Melyik budapesti hegyen nem lehet síelni?', 2, 5),
(144, 'Mire használják a keleti népek a kaftánt?', 2, 5),
(145, 'Az alábbiak közül milyen alapszínű lehet a levelibéka?', 2, 5),
(146, 'Az alábbiak közül melyik országban nem a frank a hivatalos pénznem?', 2, 5),
(147, 'Melyik ehető részéért termesztik a brokkolit?', 2, 5),
(148, 'Mi a fő exportcikke az OPEC tagországoknak?', 2, 5),
(149, 'Mi a neve a számítógépes adatállománynak?', 2, 5),
(151, 'A Monty Python-csoport mely tagja kalauzolta az RTL Klub nézőit a világ körül?', 2, 5),
(152, 'Mi Zámbó Jimmy eredeti keresztneve?', 2, 5),
(153, 'A nóta szerint milyenre van a rácsos kapu festve?', 2, 5),
(154, 'Melyik testrészünk közelíti meg az első életév végére végleges nagyságát?', 2, 5),
(155, 'Mivel foglalkozik a bukméker?', 2, 5),
(156, 'Mi vagy ki a kurkuma?', 2, 5),
(157, 'Kinek a teremtését ábrázolja a Sixtus-kápolna mennyezetfreskója?', 2, 5),
(159, 'Melyik országban található a Stonehenge titokzatos kőtömbjei?', 2, 5),
(160, 'Kik irányították az Eötvös Lóránd Tudományegyetem jogelődjének számító egyetemet 1773-ig?', 2, 5),
(161, 'Milyen miniszter volt az idősebb és az ifjabb Andrássy Gyula is?', 2, 5),
(162, 'Mi a foglalkozása Figarónak Rossini operájában?', 2, 5),
(163, 'Kik vagy mik láthatók a magyar kártya négy ászán?', 2, 5),
(164, 'Milyen marhahús kerül a tatár bifsztekbe?', 2, 5),
(165, 'Melyik magyar történelmi területről írt Móricz Zsigmond trilógiát?', 2, 5),
(168, 'Mit készítenek a cikóriából?', 2, 5),
(169, 'Minek az elődje volt a dagerrotípia?', 2, 5),
(170, 'Mi érdekli azt az embert aki majolikákról olvas?', 2, 5),
(171, 'Melyik játékhoz nincs szükség játéktáblára?', 2, 5),
(172, 'A közhiedelem szerint mi zuhant le az amerikai Roswellben 1947-ben?', 2, 5),
(173, 'Kinek a színműve a Két úr szolgája?', 2, 5),
(174, 'Mi volt Tajvan korábbi neve?', 2, 5),
(175, 'Az alábbiak közül melyik egy borsófajta?', 2, 5),
(176, 'Melyik tánc neve egyezik meg egy női ruha nevével?', 2, 5),
(178, 'Milyen hangszer készítőjeként vált híressé Stradivari?', 2, 5),
(179, 'Az alábbi hozzávalók közül melyik nem kell a borscsba?', 2, 5),
(180, 'Hogy hívták az Aranycsapat szövetségi kapitányát?', 2, 5),
(181, 'Melyik a Duna egyetlen bal oldali mellékfolyója Magyarországon?', 2, 5),
(182, 'Mi a fényerősség SI mértékegysége?', 2, 5),
(183, 'Az alábbiak közül melyik volt egy férfiköpeny neve?', 2, 5),
(184, 'Milyen üdítőitalt készítenek gyümölcsből és tejből?', 2, 5),
(185, 'Hogy néz ki a fotogén ember a fényképen?', 2, 5),
(186, 'Ki írt világhírű regényt a párizsi Notre Dame toronyőréről?', 2, 5),
(187, 'Milyen gyűjtemény a herbárium?', 2, 5),
(188, 'Kik találták fel a kajakot?', 2, 5),
(189, 'Melyik a Föld legnagyobb sivataga?', 2, 5),
(190, 'Melyik híresség családja származik a Békés megyei Ajtós községből?', 2, 5),
(191, 'Melyik mű írójának tiszteletére alkották meg a palóclevest?', 2, 5),
(192, 'Milyen termékként hozták először forgalomba Európában a kaucsukot?', 2, 5),
(193, 'Ki dolgozta ki a kvantumelméletet?', 2, 5),
(194, 'Miket választ el egymástól a Kármán-vonal?', 2, 5),
(195, '"Mi a neve a népszerű kártyajátéknak: ""Csapd le ...!"""', 2, 5),
(197, '"Mi a címe Milos Forman filmjének: ""Száll a kakukk ..."""', 2, 5),
(199, 'Ki volt az Omega együttes első dobosa?', 2, 5),
(200, 'Hol volt Minótaurosz híres labirintusa?', 2, 5),
(201, 'Mit neveznek a törökök halvának?', 2, 5),
(202, '"Kit neveznek a ""hidrogénbomba atyjának""?"', 2, 5),
(203, 'Ki nem kapott egyik alakításáért sem Oscar-díjat az alábbi színésznők közül?', 2, 5),
(204, 'Mit nevezünk kanasztának?', 2, 5),
(205, '"Milyen ""hölgy"" ifjabb Alexander Dumas művének címszereplője?"', 2, 5),
(206, 'Mi Nemo kapitány hajójának a neve?', 2, 5),
(207, 'Kiről vagy miről kapta a nevét a trappista sajt?', 2, 5),
(208, 'Melyik nem növény az alábbiak közül?', 2, 5),
(209, 'Melyik nem kihalt állat az alábbiak közül?', 2, 5),
(210, 'Melyik híres történelmi személyiségünk neve van helytelenül leírva?', 2, 5),
(211, 'Ki nem játszotta Batman partnernőjét az alábbi színésznők közül?', 2, 5),
(212, 'Kinek a képe látható a magyar kártya zöld alsóján?', 2, 5),
(213, 'Milyen az útszél Tóth Árpád Áprilisi capriccio című versében?', 2, 5),
(215, 'Melyik ország államelnöke Fidel Castro?', 2, 5),
(216, 'Melyik kémiai elemet használják a víz fertőtlenítésére?', 2, 5),
(217, 'Mit neveztek a régi magyarok Hadak útjának?', 2, 5),
(218, 'Az alábbiak közül melyiket nevezik bricskának?', 2, 5),
(219, 'Kiről nevezték el vulkánnak a tűzhányókat?', 2, 5),
(220, 'Meddig nevezünk egy tehenet üszőnek?', 2, 5),
(221, '"Hogy ""becézik"" a párizsiak az Eiffel-tornyot?"', 2, 5),
(222, 'Melyik rockzenész kapta 2000-ben a legtöbb Grammy-díjat?', 2, 5),
(223, 'Hányas számú mezt viselte Puskás Öcsi az Aranycsapatban?', 2, 5),
(224, '"Kinek a meséje alapján írta meg Ránki György a ""Pomádé király új ruhája"" című operát?"', 2, 5),
(225, 'Hogy hívják a pálinkafőzéshez erjesztett gyümölcslét?', 2, 5),
(226, 'Mit jeleznek oktánszámokkal?', 2, 5),
(227, 'Melyik ma is élő állat hossza haladhatja meg a 30 métert?', 2, 5),
(228, 'Melyik fegyverről kapta nevét a számítógép merev mágneslemezes tárolója?', 2, 5),
(229, 'Melyik fa levele látható Kanada címerében?', 2, 5),
(230, 'Hol látogathatjuk meg Magyarországon a Kovács Margit Múzeumot?', 2, 5),
(231, 'Milyen rokont neveztek ipának?', 2, 5),
(232, 'Mi a neve a szegedi dómnak?', 2, 5),
(233, '"Melyik magyar együttes nagylemeze volt a ""Zenegép""?"', 2, 5),
(234, 'Kit győzött le Cornelius Scipio Kr.e. 202-ben a zámai csatában?', 2, 5),
(235, 'Melyik sportágban szereztük első világbajnoki aranyérmünket?', 2, 5),
(236, 'Mi a vargánya?', 2, 5),
(237, 'Kije volt Rocinantének don Quijote?', 2, 5),
(238, 'Miről híres a milánói Scala?', 2, 5),
(239, 'Az alábbiak közül melyik egy egyárbócos vitorlás neve?', 2, 5),
(240, 'Melyik hangszer művésze volt Rácz Aladár?', 2, 5),
(242, '"Hol történt a ""pálfordulás""?"', 2, 5),
(243, 'Kik voltak a négusok?', 2, 5),
(244, 'Milyen eszközről nevezetes Gábor Áron?', 2, 5),
(245, 'Milyen ételt neveztek el a Fekete gyémántok írójáról?', 2, 5),
(246, 'Melyik Párizs folyója?', 2, 5),
(247, '"Melyik együttes slágere volt a ""The Wall""?"', 2, 5),
(248, 'Melyik országban uralkodott a Napkirály?', 2, 5),
(249, 'Mi a kapcsolat Pollack Mihály és a Nemzeti Múzeum épülete között?', 2, 5),
(250, 'Milyen alakú baktériumok a bacilusok?', 2, 5),
(251, 'Hány stációt járt végig Jézus Krisztus a keresztúton?', 2, 5),
(252, 'Ki fedezte fel a penicilint?', 2, 5),
(253, 'Melyik város híres strandja a Copacabana?', 2, 5),
(254, 'Ki nem játszotta a legendás James Bondot?', 2, 5),
(255, 'Ki volt a legnagyobb ragtime-zeneszerző?', 2, 5),
(256, 'Mit jelent magyarul a még ma is létező mohikán törzs neve?', 2, 5),
(257, 'Mire használják a franciakulcsot?', 2, 5),
(258, 'Melyik vásári szórakozóhelyről kapta címét Fábri Zoltán klasszikus filmje?', 2, 5),
(259, 'Mikor izzik a galagonya ruhája Weöres Sándor versében?', 2, 5),
(260, 'Ki tervezte az Országház épületét?', 2, 5),
(261, 'Melyik operát írta Verdi a Szuezi-csatorna megnyitása kapcsán?', 2, 5),
(262, 'Mi az angol trónörökös hagyományos címe?', 2, 5),
(264, 'Melyik városban rendezték az 1956-os melbourne-i olimpia lovasversenyeit?', 2, 5),
(265, 'Mi látható Törökország zászlaján?', 2, 5),
(266, 'A régi családoknál a gardedám szinte családtagnak számít. Ki volt ő?', 2, 5),
(267, 'Mire használják Alexander Bell találmányát?', 2, 5),
(268, 'Hányas számrendszer a bináris számrendszer?', 2, 5),
(269, 'Milyen hangszer készítőjeként vált híressé Stradivari?', 2, 5),
(270, 'Melyik rock-együttes énekese volt Freddie Mercury?', 2, 5),
(271, 'Amerika melyik botrányáról szól Az elnök emberei című film?', 2, 5),
(272, 'Ki volt a sakálfejű isten az egyiptomi mitológiában?', 2, 5),
(273, 'A kakaó melyik rokonát használják üditőital gyártására?', 2, 5),
(274, 'Melyik ökölvívónk nyert ezüstérmet az 1972-es müncheni olimpián váltósúlyban?', 2, 5),
(276, 'Az alábbiak közül melyik egy sakkfigura elnevezése?', 2, 5),
(278, 'Melyik sportág nemzetközi szövetsége a FIFA?', 2, 5),
(279, 'Az alábbiak közül ki vagy mi a laboda?', 2, 5),
(280, 'Melyik ország nem szigetország?', 2, 5),
(281, 'Melyik konyhai eszköz lehet az ágyú szó előtagja?', 2, 5),
(282, '"Milyen ""autó"" szerepel a legendás 1934-es magyar film címében?"', 2, 5),
(283, 'Az alábbiak közül melyik indítja meg a gázkeverék robbanását a belsőégésű motorban?', 2, 5),
(284, 'Hogy becézik a Republic együttes frontemberét?', 2, 5),
(286, 'Hol élnek a jegesmedvék?', 2, 5),
(287, 'Milyen szín nem szerepel Németország zászlajában?', 2, 5),
(288, 'Ki írt zongoraversenyt balkézre?', 2, 5),
(289, '"Milyen ""szem"" van a kerékpárokon?"', 2, 5),
(291, 'Melyik papi méltóságról kapta nevét egy sütemény?', 2, 5),
(292, 'Melyik részét fogyasztják a kelbimbónak?', 2, 5),
(294, '"Melyik állatnak ""ég a háza ideki"" az ismert gyermekdal szerint?"', 2, 5),
(295, 'Mi volt az eredeti foglalkozása Ronald Reagannek?', 2, 5),
(298, '"Milyen gyümölcs ""a magyar narancs"" A tanú című nagysikerű vígjátékban?"', 2, 5),
(299, 'Melyik munka eszköze a vetélő?', 2, 5),
(300, 'Melyik magyar futballbíró lett háromszor egymás után a világ legjobb játékvezetője?', 2, 5),
(301, 'Melyik vidék festőjének nevezik Egry Józsefet?', 2, 5),
(302, 'Ki tervezte az autógyártásban először alkalmazott futószalagrendszert?', 2, 5),
(303, '"Melyik ""káposzta"" egy étel elnevezése?"', 2, 5),
(304, 'Milyen színű drágakő a rubin?', 2, 5),
(305, 'Az alábbiak közül melyik egy szőlőfajta neve?', 2, 5),
(306, 'Az alábbiak közül mit neveznek tandemnek?', 2, 5),
(307, 'Milyen állatok láthatók a Laokón-csoport nevű híres szobron?', 2, 5),
(308, 'Melyik betegség ellen védenek a Sabin-cseppek?', 2, 5),
(309, 'Melyik úszónemben győzött háromszor Kovács Ági az 1999-es isztambuli Európa-bajnokságon?', 2, 5),
(310, '"Ki a zeneszerzője a ""Magyar táncok""-nak?"', 2, 5),
(311, 'Melyik Walt Disney-rajzfilmhez komponált dalokat Elton John?', 2, 5),
(312, 'Mely országban található a méneséről híres Lipica helység?', 2, 5),
(313, 'Milyen hangszert neveztek el a múzsák lakhelyéről?', 2, 5),
(314, 'Melyik USA tagállam területén található a Grand Canyon?', 2, 5),
(316, 'Hova kéne menni pulykakakast venni az ismert dal szerint?', 2, 5),
(318, 'Minek az őse volt a velocipéd?', 2, 5),
(319, 'Milyen nyelv a BASIC?', 2, 5),
(320, 'Melyik magyar labdarúgó klubcsapat szerezte addig a legtöbb bajnokságot?', 2, 5),
(321, 'Melyik növény szárított húsa a kopra?', 2, 5),
(322, 'Melyik pályaudvar csarnokát építette az Eiffel-cég?', 2, 5),
(323, 'Ki vitte a magyar zászlót az atlantai olimpián?', 2, 5),
(324, 'Hogy nevezik a zsidó húsvétot?', 2, 5),
(325, '"Milyen déligyümölcs szerepel Bartók ""csodálatos"" táncjátékának címében?"', 2, 5),
(326, 'Milyen tulajdonsággal szokták jellemezni a nyulat?', 2, 5),
(327, 'Mi tartja pályájukon az égitesteket?', 2, 5),
(328, 'Melyik ókori nép viselete volt a tunika?', 2, 5),
(329, 'Melyik az uralkodó vallás Indiában?', 2, 5),
(330, 'Hogy nevezzük a gyermekkorban kihulló fogakat?', 2, 5),
(331, 'Melyik ország Kanada egyetlen szomszédja?', 2, 5),
(332, 'Milyen élőlény járt elsőként a világűrben?', 2, 5),
(333, 'Mi a porcelángyártás fő alapanyaga?', 2, 5),
(335, 'Melyik férfinevünkből származik egy díszes kabátfajta elnevezése?', 2, 5),
(336, 'Milyen állat a dromedár?', 2, 5),
(337, 'Melyik országban láthatók a Meteóra-kolostorok?', 2, 5),
(338, 'Melyik város modern épülete a Pompidou központ?', 2, 5),
(340, 'Melyik szervünk betegsége a gümőkór?', 2, 5),
(341, 'Melyik magyar labdarúgó volt a legtöbbször válogatott?', 2, 5),
(342, '"Milyen kerti szerszám ""sülhet el"" néha a mondás szerint?"', 2, 5),
(343, 'Melyik királyunkról írt rock-operát a Szörényi-Bródy szerzőpáros 1983-ban?', 2, 5),
(344, 'Hogy nevezzük a vegyi folyamatok sebességét megváltoztató anyagot?', 2, 5),
(345, 'Az alábbi országok közül hol közlekednek a legtöbben kerékpárral?', 2, 5),
(346, 'Mi a neve Tarzan párjának?', 2, 5),
(347, 'Mennyi pénzért árulta el Júdás Jézust?', 2, 5),
(348, 'Mi a címe Charles Darwin legismertebb művének?', 2, 5),
(350, 'Kit vagy kiket védelmezett a hét mesterlövész az azonos című klasszikus westernfilmben?', 2, 5),
(351, 'Milyen állatokról írt musicalt Andrew Lloyd Webber?', 2, 5),
(352, 'Melyik tengerbe torkollik a Duna?', 2, 5),
(353, '"Mennyi a Ludolf-féle szám vagyis a ""pi"" kerekített értéke?"', 2, 5),
(354, 'Mi a libretto?', 2, 5),
(355, 'Milyen állat nyelte le Jónást a Bibliában?', 2, 5),
(356, 'Melyik ország tánca volt eredetileg a tangó?', 2, 5),
(358, 'Melyik szervünket gyógyítja a kardiológus?', 2, 5),
(360, 'Melyik szakma dolgozóit ünnepeljük június első vasárnapján?', 2, 5),
(361, '"Kinek a regényéből készült a ""La Mancha lovagja"" című musical?"', 2, 5),
(362, 'Melyik különleges hangszer zenésze Ravi Shankar?', 2, 5),
(363, 'Mi volt a címe az Arany János kései műveit tartalmazó versgyűjteménynek?', 2, 5),
(364, 'Kik laktak a Tiltott Városban?', 2, 5),
(365, 'Kiről kapták nevüket a szovjet Tupoljev típusú repülőgépek?', 2, 5),
(366, 'Milyen színű nyáron a hermelin bundája?', 2, 5),
(367, 'Miről választotta nevét a U2 együttes?', 2, 5),
(371, 'Mi volt a Margitsziget korábbi neve?', 2, 5),
(373, 'Hogy nevezi az utókor Blaha Lujzát?', 2, 5),
(374, 'Milyen származású a képregény- és filmhős Asterix?', 2, 5),
(375, 'Miből készül a kumisz?', 2, 5),
(376, 'Hány négyzetméter egy hektár?', 2, 5),
(377, 'Az alábbi musicalek közül melyiket komponálta utoljára Andrew Lloyd Webber?', 2, 5),
(378, 'Mi a japán nők hagyományos viselete?', 2, 5),
(380, 'Hogy nevezzük a vulkáni kráterből kiömlő izzó folyadékot?', 2, 5),
(381, '"Milyen ""parcellának"" nevezik a keskeny szántóföldeket?"', 2, 5),
(382, 'Hány magyar királyt avattak szentté?', 2, 5),
(383, 'Melyik Grimm-mesefiguráról írt balettzenét Csajkovszkij?', 2, 5),
(384, 'Melyik a Naprendszer legnagyobb bolygója?', 2, 5),
(385, 'Melyik Európa legkisebb szigetállama?', 2, 5),
(386, 'Hol található a Balaton Múzeum?', 2, 5),
(387, 'Melyik színdarab játszódik a harmincéves háború alatt?', 2, 5),
(389, 'Mire használják a vályogot?', 2, 5),
(390, 'Mennyi idő alatt kerüli meg a Hold a Földet?', 2, 5),
(391, 'Mit tilolnak az alábbiak közül?', 2, 5),
(392, 'Melyik méretet nem adják meg a női konfekcióruhákon?', 2, 5),
(393, 'Milyen célra készítik a standfotókat?', 2, 5),
(394, 'Kinek a születésnapja alkalmából indult a 70-es trolibuszjárat Budapesten?', 2, 5),
(396, 'Hogyan írjuk helyesen nagy drámaírónk raggal ellátott nevét?', 2, 5),
(397, 'Melyik sportág szakkifejezése a fless?', 2, 5),
(398, 'Mi a délibáb?', 2, 5),
(399, 'Hogy nevezik a kártyások az osztás után fennmaradó paklit?', 2, 5),
(400, 'Milyen húsból készül a bifsztek?', 2, 5),
(401, 'Mire használják az amerikánert?', 2, 5),
(402, 'Melyik a Föld leghosszabb folyója?', 2, 5),
(403, 'Mi volt a neve Jurij Gagarin űrhajójának?', 2, 5),
(406, 'Mi a teljesítmény SI mértékegysége?', 2, 5),
(408, 'Ki volt Magyarország párizsi nagykövete 1947-1949 között?', 2, 5),
(409, 'Mi a köznapi elnevezése a boltozat nélküli emberi talpnak?', 2, 5),
(410, 'Az alábbiak közül melyik nem halfajta?', 2, 5),
(412, 'Hol képezték ki a szovjet űrhajósokat?', 2, 5),
(413, 'A Biblia szerint hány nap alatt teremtette az Úr a világot?', 2, 5),
(414, 'Milyen állatból van kevés Madách szállóigéje szerint?', 2, 5),
(415, 'G. B. Shaw melyik darabjából készült a My Fair Lady című musical?', 2, 5),
(416, 'Mivel foglalkozik egy balneológus?', 2, 5),
(417, 'Melyik testrészünk csontja a singcsont?', 2, 5),
(418, 'Melyik afrikai ország diktátora volt Idi Amin?', 2, 5),
(420, 'Hány lapból áll egy csomag magyar kártya?', 2, 5),
(421, 'Melyik anyag növényi eredetű?', 2, 5),
(422, 'Kik használják munkájuk során a programnyelveket?', 2, 5),
(424, 'Az alábbiak közül melyiket találta fel Alfred Nobel svéd vegyész?', 2, 5),
(425, 'Melyik sajt kapta nevét egy svájci tájegységről?', 2, 5),
(426, 'Kik voltak az orosz történelemből ismert dekabristák?', 2, 5),
(427, 'Milyen színű trikót visel a szakasz-győztes a Tour de France kerékpárversenyen?', 2, 5),
(428, 'Hol végezte szabadesés-kísérleteit Galilei?', 2, 5),
(429, 'Hol született Erkel Ferenc?', 2, 5),
(430, 'Mi a növényi sejtfalakat felípítő szénhidrát neve?', 2, 5),
(431, 'Melyik olimpián lett újra versenyszám az íjászat?', 2, 5),
(432, '"Mi nem kell a ""jó bornak"" a szólás szerint?"', 2, 5),
(434, 'Melyik nem a Toldi-trilógia része?', 2, 5),
(435, 'Kiknek a virága a mirtusz az illem szerint?', 2, 5),
(436, 'Milyen ciklusokban váltakoznak az állatövi jegyek a kínai asztrológiában?', 2, 5),
(437, 'Mit szeretne enni József Attila a De szeretnék gazdag lenni kezdősorú versében?', 2, 5),
(439, 'Melyik országban játszódik Puccini Pillangókisasszony című operája?', 2, 5),
(440, 'Mi Firenze folyója?', 2, 5),
(441, 'Melyik állat tetteti magát halottnak vészhelyzetben?', 2, 5),
(442, 'Melyik ma született állat ártatlan a szólás szerint?', 2, 5),
(443, 'Melyik híres város börtöne volt a Tower?', 2, 5),
(444, 'Milyen sportolóról szól Sylvester Stallone Rocky című filmje?', 2, 5),
(445, 'Milyen ruhadarabot neveznek tütünek?', 2, 5),
(446, 'Mire használják a kaucsukfa tejnedvét?', 2, 5),
(447, 'Ki adott ki ukázt?', 2, 5),
(448, 'Hol vannak planktonok?', 2, 5),
(449, 'Melyik évben omlott le a berlini fal?', 2, 5),
(450, '"""Isa por és homu vogymuk.""-mondja a Halotti beszéd. Mit jelentett a XII. században az ""isa"" szó?"', 2, 5),
(451, 'Hol írta alá szeptember elején a japán küldöttség a kapitulációs okmányokat?', 2, 5),
(452, 'Mely európai ország gyarmata volt az 1910-es évek elején a mai Líbia?', 2, 5),
(453, 'Ki vagy mi volt a mitológia szerint Romolus és Remus édesanyja?', 2, 5),
(454, 'Hogy nevezik a buddhista szerzetesrendet?', 2, 5),
(455, '"Hova estek az ""istenek"" a nagy sikerű vígjáték címe szerint?"', 2, 5),
(456, 'Mit értettek régen egy ember országlása alatt?', 2, 5),
(457, 'Melyik gázlómadár az alábbiak közül?', 2, 5),
(458, 'Melyik híd átadása nyomán írta Arany János a Hídavatás című balladáját?', 2, 5),
(459, 'Kik hordtak régen kakastollas fejfedőt?', 2, 5),
(460, '"Melyik opera bordalában hallhatjuk a ""Gondold meg és igyál!"" kezdetű sorokat?"', 2, 5),
(461, 'Melyik városban lőtték le John Fitzgerald Kennedyt?', 2, 5),
(462, 'Hány csapással sújtotta az Úr Egyiptomot?', 2, 5),
(463, 'Melyik állat lehet kilencöves?', 2, 5),
(464, 'Mi a pontos címe Kemény Zsigmond regényének?', 2, 5),
(465, 'Mit keres a kákán az akadékoskodó ember?', 2, 5),
(466, 'Melyik hidunk építését vezette Clark Ádám?', 2, 5),
(467, '"Milyen ""embert"" játszott Dustin Hoffman a nagy sikerű film címe szerint?"', 2, 5),
(468, 'Mi volt a neve a kétnyomásos földművelés során vetetlenül hagyott földnek?', 2, 5),
(469, 'Hogy nevezik a cselgáncsban a hagyományos küzdőszőnyeget?', 2, 5),
(470, '"Kinek a vígjátéka alapján készült a ""My Fair Lady"" című musical?"', 2, 5),
(471, 'Hol folyik a Maros a Tiszába?', 2, 5),
(472, 'Melyik égitestre szállt le a Surveyor-1?', 2, 5),
(473, 'Melyik hónapban van a Föld legközelebb a Naphoz?', 2, 5),
(474, 'Ki volt Keresztelő János apja a Bibliában?', 2, 5),
(475, 'Az alábbiak közül melyik ehető?', 2, 5),
(476, 'Ki volt Antonius szerelme?', 2, 5),
(477, 'Minek a szállításával végzik a méhek a virágok beporzását?', 2, 5),
(479, 'Az alábbiak közül melyik egy apró termetű madár neve?', 2, 5),
(481, '"Mi a címe a Zenthe Ferenc főszereplésével készült filmsorozatnak: ""… kapitánya"""', 2, 5),
(482, 'Milyen húsból készül a flekken?', 2, 5),
(483, 'Kit neveztek árvízi hajósnak?', 2, 5),
(484, 'Az alábbi történelmi alakok közül kit nem Ádám személyesít meg Az ember tragédiájában?', 2, 5),
(485, 'Hol őrzik Budapesten a Szent Jobbot?', 2, 5),
(486, 'A csicsóka melyik része ehető?', 2, 5),
(487, '"Hogyan szól a mondás? ""Nomen est …"""', 2, 5),
(488, 'Mit csinálnak az indiánok a mokaszínnal?', 2, 5),
(489, 'Melyik város nevezetessége a Trevi-kút?', 2, 5),
(490, 'Hol imádkoznak a buddhista szerzetesek?', 2, 5),
(491, '"Kit szeretett ""forrón"" Tony Curtis az 1959-es híres vígjátékban?"', 2, 5),
(492, 'Mely állam mely korszakát nevezzük viktoriánus kornak?', 2, 5),
(493, 'Hol haladhat át a gyalogos a KRESZ szerint?', 2, 5),
(495, 'Mi volt a Rigoletto című opera alapjául szolgáló színmű címe?', 2, 5),
(496, 'Kit neveztek régen kurírnak?', 2, 5),
(497, 'Mire használják a hidegvágót?', 2, 5),
(498, 'Mit jár be a messze vidékeket bebarangoló ember?', 2, 5),
(499, 'Melyik állat lakik dúcban?', 2, 5),
(500, 'Hány kerülete van Budapestnek?', 2, 5),
(501, 'Ki készítette a firenzei Dávid szobrot?', 2, 5),
(502, 'Melyik atlétának állítottak még életében szobrot hazájában?', 2, 5),
(503, 'Mikből áll egy számítógép szoftvere?', 2, 5),
(504, 'Kinek a lánya volt Marie Antoinette?', 2, 5),
(505, 'Melyik városunkban látható a Ferenczy-művészcsalád múzeuma?', 2, 5),
(507, '"Melyik állat jelzője a ""kacagó""?"', 2, 5),
(508, 'Hol található zsinórpadlás?', 2, 5),
(509, 'Melyik játékban játszik nagy szerepet a blöffölés?', 2, 5),
(510, 'Melyik kosárlabdacsapatban kezdte NBA-beli szereplését Dávid Kornél?', 2, 5),
(511, 'Ki volt az első köztársasági elnök Magyarországon a II. világháború után?', 2, 5),
(512, 'Kinek a nevéhez fűződik a Julianus-naptár?', 2, 5),
(513, '"Melyik magyar rock-együttes slágerei voltak a ""Szállj fel magasra!"" és a ""Kóbor angyal""?"', 2, 5),
(514, 'Melyik megyénkben van a Szelidi-tó?', 2, 5),
(515, 'Az alábbiak közül melyik női név egy népszerű sorozat címe is?', 2, 5),
(516, 'Min utazhatunk kajütben ülve?', 2, 5),
(518, 'Melyik felfogás tekintette a Földet a világegyetem középpontjának?', 2, 5),
(519, 'Hogy nevezik a sakkban a király és a bástya speciális helycserélyét?', 2, 5),
(520, '"Hogyan folytatódott Oliver Cromwell új mintájú hadseregének a jelszava? ""Bizz Istenben és ..."""', 2, 5),
(521, 'Melyik állat mirigyéből nyertek régen a bíborfestéket?', 2, 5),
(522, 'Melyik szövetségi államból származik Bill Clinton amerikai elnök?', 2, 5),
(523, 'Kitől ered a Tűzföld elnevezése?', 2, 5),
(524, 'Ki nem volt VIII. Henrik felesége?', 2, 5),
(525, '"Melyik ""dió"" egy fűszernövény neve?"', 2, 5),
(526, 'Kik fuvoláznak a Bóbita című Weöres Sándor-versben?', 2, 5),
(532, 'Melyik bolygó kutatására indították el 1962-ben a Mariner-2 űrszondát?', 2, 5),
(533, 'Melyik állattal áll szoros rokonságban a vidra?', 2, 5),
(535, 'Ki vagy mi a papaja?', 2, 5),
(537, 'Mi a címe Ternovszky Béla nagy sikerű rajzfilmjének?', 2, 5),
(539, 'Mit jelent az intervenció?', 2, 5),
(540, 'Milyen munkához használták a guzsalyt?', 2, 5),
(541, 'Mi a neve az Észak-Kínától a Földközi-tengerig húzódó régi kereskedelmi útvonalnak?', 2, 5),
(542, 'Mi a basszuskulcs?', 2, 5),
(543, 'Melyik anyag nem szükséges a beton előállításához?', 2, 5),
(544, 'Milyen állatok szerepelnek Alfred Hitchcock klasszikus filmjének címében?', 2, 5),
(545, 'Mit árult a rőfös?', 2, 5),
(546, 'Az alábbiak közül melyik anyag készül vulkanizálással?', 2, 5),
(547, 'Az alábbi vízi járművek közül melyiknek nincs vitorlája?', 2, 5),
(548, 'Melyik operában hangzik fel a híres Torreádordal?', 2, 5),
(549, 'Melyik város volt az inka kultúra egyik központja?', 2, 5),
(550, '"Hogyan folytatódik a mondás? ""Láttam én már ..."""', 2, 5),
(551, 'Hol rendezik meg minden év júliusában az Anna-bált?', 2, 5),
(552, 'Mi Napóleon fiának közismert neve?', 2, 5),
(553, 'Hol található az angol királyok Londonhoz közel fekvő nyári rezidenciája?', 2, 5),
(554, 'Melyik anyag fagyás- és forráspontja között osztotta be hőmérsékleti skáláját Anders Celsius?', 2, 5),
(555, 'Melyik sportágban lett kétszeres olimpiai bajnok Gyulai Zsolt?', 2, 5),
(556, 'Hol alszik a rét József Attila Altató című versében?', 2, 5),
(557, 'Az alábbi női nevek közül melyik nem növénynév?', 2, 5),
(558, '"Mi a híres szovjet film címe: ""Szállnak a ..."""', 2, 5),
(559, 'Milyen virágzatban fejlődik a tűlevelű növények magjai?', 2, 5),
(560, 'Mennyi idő alatt kellett megkerülniük a Földet Verne hőseinek?', 2, 5),
(561, 'Melyik állat hímje a gácsér?', 2, 5),
(562, 'Mit jelent magyarul Buenos Aires neve?', 2, 5),
(563, 'Az alábbiak közül melyik nem űrrepülőgép?', 2, 5),
(564, 'Mire használják a bandázst?', 2, 5),
(565, 'Melyik városban található a világhírű Uffizi képtár?', 2, 5),
(566, '"Ki írta a ""Befejezetlen szimfóniá""-t?"', 2, 5),
(568, 'Melyik növényt alkalmazták szemölcs ellen?', 2, 5),
(569, 'Az alábbiak közül melyik egy sütemény elnevezése?', 2, 5),
(570, 'Hová mennek a harangok nagypénteken?', 2, 5),
(571, '"Melyik magyar futballcsapat beceneve a ""zöld sasok""?"', 2, 5),
(572, 'A férfikalapon kívül mit neveznek még cilindernek?', 2, 5),
(575, 'Miből készül a borovicska nevű pálinka?', 2, 5),
(577, 'Melyik állatnak van csáprágója?', 2, 5),
(578, 'Minek híg a leve a szólás szerint?', 2, 5),
(579, 'Mi a szamárkenyér?', 2, 5),
(580, 'Mit kaphatunk egy ATM-ből?', 2, 5),
(581, 'Kinek a nevéhez fűződik a szénszálas izzólámpa feltalálása?', 2, 5),
(582, 'Ki az egyetlen aranyladás magyar focista?', 2, 5),
(583, 'Ki Julia Roberts partnere a Micsoda nő! című vígjátékban?', 2, 5),
(584, '"Melyik városunkban áll a ""Cifrapalota""?"', 2, 5),
(585, 'Az irodalmi feldolgozások szerint kivel került szerelmi kapcsolatba a bibliai Salamon király?', 2, 5),
(586, 'Hol él a varacskos disznó?', 2, 5),
(587, 'Ki nyert 1980-ban és 1984-ben is olipmiai bajnokságot 1500 m-es síkfutásban?', 2, 5),
(588, 'Melyik szervünk termeli az inzulint?', 2, 5),
(589, 'Melyik híres film operatőre volt a magyar származású Zsigmond Vilmos?', 2, 5),
(590, 'Milyen állatok a címszereplői Andrew Lloyd Webber világhírű musicaljénel?', 2, 5),
(591, 'Milyen a szólás szerint Kolumbusz tojása?', 2, 5),
(592, '"Melyik ""váltó"" nincs a vasúton?"', 2, 5),
(593, 'Milyen kapcsolat van Ybl Miklós és az Operaház épülete között?', 2, 5),
(594, 'Melyik fogai hosszabodtak meg az őskorban élt kardfogú tigrisnek?', 2, 5),
(595, 'Mit őriz a görög mitológiában Cerberus?', 2, 5),
(596, 'Melyik magyar utazóról neveztek el vulkánt Afrikában?', 2, 5),
(597, 'Melyik orvosi műszer méri az agyáramokat?', 2, 5),
(599, 'Melyik város római neve volt Lutécia?', 2, 5),
(600, 'Ki volt a férfi sakkvilágbajnok 1975 és 1985 között?', 2, 5),
(601, 'Mit kiabál másokra az aljasul rágalmazó ember?', 2, 5),
(602, 'Milyen intézményben tevékenykednek a brókerek?', 2, 5),
(603, 'Milyen torony szerepel az 1974-es klasszikus katasztrófafilm címében?', 2, 5),
(604, 'Mit neveznek egy színházban zsöllyének?', 2, 5),
(606, 'Melyik állatról kapta nevét egy fűszernövény?', 2, 5),
(607, 'Mi a nemzetközi segélyhívás ismert jele?', 2, 5),
(608, 'Melyik bolygón véltek mesterséges építményeket felfedezni egykor a csillagászok?', 2, 5),
(610, 'Ki küldte Szent Istvánnak a királyi koronát?', 2, 5),
(611, 'Hány méterről dobják a bűntetőt a kézilabdában?', 2, 5),
(612, 'Hol lakott Sherlock Holmes a regények szerint?', 2, 5),
(613, 'Melyik állat WWF (Vadvédelmi világalapítvány) címerállata?', 2, 5),
(614, 'Kit neveznek Angliában Lord Mayornak?', 2, 5),
(615, '"Kinek tulajdonítják a mondást? ""Vae victis!"" (Jaj a legyőzötteknek!)"', 2, 5),
(616, 'Miből van a házikó a Jancsi és Juliska című mesében?', 2, 5),
(617, 'Hol érte végzetes autóbaleset Lady Dianát?', 2, 5),
(618, 'Hol dolgozott a pedellus?', 2, 5),
(620, 'Melyik magyar író visszatérő hőse Szindbád?', 2, 5),
(622, 'Az alábbi miniállamok közül melyiknek van tengerpartja?', 2, 5),
(623, 'A hangszerek melyik csoportjába tartozik a marimba?', 2, 5),
(624, 'Mikor jelent be egy kártyajátékos renonszot?', 2, 5),
(625, 'Mi volt a neve Nelson admirális vezérhajójának a trafalgari ütközetben?', 2, 5),
(626, '"Milyen ""rakás"" egy sütemény?"', 2, 5),
(627, 'Hogy nevezték régen a mozdonyokat?', 2, 5),
(628, 'Melyik volt amerikai elnök névrokona a Vészhelyzet című sorozat szimpatikus fiatal orvosa?', 2, 5),
(629, 'Melyik állat nem tartozik a nagymacskák közé?', 2, 5),
(630, 'Melyik város világhírű múzeuma a Zwinger?', 2, 5),
(631, 'Melyik vitamin hiánya okozza a farkasvakságot?', 2, 5),
(632, 'Ki volt Magyarország miniszterelnöke 1975 és 1987 között?', 2, 5),
(633, 'Milyen állatok állóvizéről írt Csajkovszkij balettzenét?', 2, 5),
(634, 'Hogy nevezték Margaret Thatcher volt brit miniszterelnököt?', 2, 5),
(635, 'Kit szabadított ki börtönéből a nép 1848. március 15-én?', 2, 5),
(636, 'Mi a címe Arnold Schwarzenegger karácsonyi témájú filmjének?', 2, 5),
(637, 'Melyik Budapest legmagasabb hegye?', 2, 5),
(639, 'Milyen kutya fekszik a küszöbön a Családi kör című Arany János-versben?', 2, 5),
(640, 'Az alábbiak közül melyik állat lakóhelyét nevezzük kotoréknak?', 2, 5),
(641, 'Mi a rövidítése a Nemzetközi Munkaügyi Szervezetnek?', 2, 5),
(643, 'Melyik a Föld legnépesebb állama?', 2, 5),
(644, 'Mi a Nemzetközi Labdarúgó Szövetség közismert rövidítése?', 2, 5),
(645, 'Mi Nándorfehérvár mai neve?', 2, 5),
(646, '"Milyen eredetű a ""kollégium"" jövevényszavunk?"', 2, 5),
(647, 'Rejtő Jenő melyik művéből rendezett filmet Bujtor István?', 2, 5),
(649, 'Melyik feltaláló munkatársa volt Puskás Tivadar?', 2, 5),
(650, 'Melyik városban játszódik a Kabaré című musical?', 2, 5),
(652, 'Ki fogalmazta meg tudományosan a heliocentrikus világképet?', 2, 5),
(654, '"Milyen ""buszt"" húztak lovak?"', 2, 5),
(656, 'Hogyan nevezzük a pillangók kialakulásának egyik fázisát?', 2, 5),
(657, 'Mit nem lehet csinálni a komisz gyerekkel egy jurtában?', 2, 5),
(658, 'Az alábbiak közül melyik elnevezés fedi a kukoricát?', 2, 5),
(660, 'Mi pusztított Pesten 1838-ban?', 2, 5),
(661, 'Hány évente választanak köztársasági elnököt Magyarországon?', 2, 5),
(662, 'Melyik rockzenész nem volt soha tagja a Locomotív GT-nek?', 2, 5),
(664, '"Milyen ""özvegy"" szerepel Lehár Ferenc nagy sikerű operettjének címében?"', 2, 5),
(665, 'Hogy nevezték Robin Hood-ot Kevin Costner filmjének címében?', 2, 5),
(666, '"Mikor használnak a diákok ""szamárvezetőt""?"', 2, 5),
(667, 'Mire használták a rokkát?', 2, 5),
(668, 'Ki volt Daphnisz szerelmese az ókori műben?', 2, 5),
(669, 'Milyen állat a vadnyugati regényekből ismert coyote?', 2, 5),
(671, 'Melyik szó elválasztása helytelen?', 2, 5),
(672, '"Milyen ""vásárról"" írt operettet Jacobi Viktor?"', 2, 5),
(673, 'Milyen állatról készített nagy sikerű horrorfilmet Steven Spielberg?', 2, 5),
(674, 'Mi az élet megrontója Vörösmarty verse szerint?', 2, 5),
(675, 'Mit takar a dingó elnevezés?', 2, 5),
(676, 'Melyik ország iraki megszállása miatt tört ki az Öböl-háború 1991-ben?', 2, 5),
(677, 'Milyen a cédrus Csontváry képének címe szerint?', 2, 5),
(678, 'Hogyan nevezik az amerikai kosárlabda-válogatottat?', 2, 5),
(679, '"Milyen ""cirkusz"" volt a címe a rádió ötvenes években népszerű gyermekműsorának?"', 2, 5),
(680, 'Ki a főhőse A világ nem elég című 1999-ben készült filmnek?', 2, 5),
(681, 'Ki volt Árpád társfejedelme a honfoglalás korában?', 2, 5),
(682, 'Kinek a viaszszárnyai olvadtak fel a Nap közelében?', 2, 5),
(683, 'Milyen hosszúság-mértékegységet használnak a csillagászatban?', 2, 5),
(684, 'Miről nevezte el Robinson bennszülött szolgáját?', 2, 5),
(685, 'Mit vagy kit neveztek a középkorban a Fekete Halálnak?', 2, 5),
(686, 'Melyik Beatles-tag felesége volt Yoko Ono?', 2, 5),
(687, '"Melyik országban tevékenykedett a ""négyek bandája""?"', 2, 5),
(689, 'Milyen célra dolgozták ki az Internet alapjait?', 2, 5),
(690, 'Hány feleségét végeztette ki VIII. Henrik angol király?', 2, 5),
(691, 'Ki volt Antigoné apja a görög mitológia szerint?', 2, 5),
(692, 'Ki alkotta meg a mágneses erőtér alapfogalmát?', 2, 5),
(693, 'Hová küldik zabot hegyezni a senki által nem sajnált embert?', 2, 5),
(694, 'Hogyan nevezik közismert szóval az elnyomó hatalommal szemben álló felkelőt?', 2, 5),
(695, 'Mire használják az oroszok a szamovárt?', 2, 5),
(696, 'Mit nyilazott le a fia fejéről Tell Vilmos?', 2, 5),
(697, 'Mi a konyhasó kémiai neve?', 2, 5),
(698, 'Hogyan bűntette meg a Gittegylet Nemecsek Ernőt A Pál utcai fiúk című regényben?', 2, 5),
(699, 'Melyik görög városállam vezetője volt Periklész?', 2, 5),
(701, 'Melyik folyó partján fekszik Kolozsvár?', 2, 5),
(702, 'Kit nevezünk a bresciai hiénának?', 2, 5),
(703, 'Melyik országgal nem határos Luxemburg?', 2, 5),
(704, 'Mi a szputnyik szó magyar megfelelője?', 2, 5),
(705, 'Melyik hegycsúcson feneklett meg Noé bárkája?', 2, 5),
(706, 'Mik támadhatják meg a számítógépes programokat és adatokat?', 2, 5),
(707, 'Mi volt a mai Buda helyén fekvő római város neve?', 2, 5),
(708, '"A KRESZ szerint melyik jármű az ""elektromos felsővezetékhez kötött gépkocsi""?"', 2, 5),
(709, 'Mi előtt söpörjön mindenki a közmondás szerint?', 2, 5),
(710, 'Melyik család életét mutatja be a Barátok közt című sorozat?', 2, 5),
(713, 'Melyik ország kapta nevét az Egyenlítőről?', 2, 5),
(714, 'Melyik szerzetesrend-alapító tevékenykedett Assisiben?', 2, 5),
(715, 'Ki jelenleg a német kancellár?', 2, 5),
(716, 'Melyik folyó partján fekszik Köln?', 2, 5),
(717, 'Hogy hívják a moszatok és a gombák hasznos együttéléséből létrejövő növényi telepet?', 2, 5),
(718, 'Az alábbi anyagok közül melyik nem a besamelmártás alapanyaga?', 2, 5),
(719, 'Melyik nagyszabású mű kötődik Apáczai Csere János nevéhez?', 2, 5),
(720, 'Melyik íz érzékelhető a nyelv hátsó részén (a nyelvgyökön)?', 2, 5),
(721, 'Kik alapították Karthágó városát?', 2, 5),
(722, 'Melyik ország labdarúgó válogatottja nem nyert soha Európa-bajnokságot?', 2, 5),
(723, 'Milyen őrmester szerepel a Beatles híres lemezének címében?', 2, 5),
(724, 'Melyik tenger partján fekszik Barcelona?', 2, 5),
(726, 'Milyen állat szerepel Petőfi Sándor Arany Lacihoz című versében?', 2, 5),
(727, '"Melyik olimpián hangzott el ez a híres mondat: ""Az olimpiának folytatódnia kell!""?"', 2, 5),
(728, 'Melyik reneszánsz művész tervezett repülőgépet?', 2, 5),
(729, 'Mi volt a neve az 1970-es évektől tevékenykedő olaszországi szélsőbaloldali terrorszervezetnek?', 2, 5),
(730, 'Az alábbiak közül melyik egy japán színpadi műfaj?', 2, 5),
(731, 'Az alábbiak közül melyik 3/4 ütemű?', 2, 5),
(732, 'A felsorolt országok közül melyiknek a zászlójában nincs csillag?', 2, 5),
(733, 'Mit csinál a fába szorult féreg a szólás szerint?', 2, 5),
(734, '"""Spongyát rá!"" - szól a mondás. Mit neveztek régen spongyának?"', 2, 5),
(736, 'Melyik sportágban lehet kötényt adni?', 2, 5),
(737, 'Hogy hívták Jézus édesanyját?', 2, 5),
(738, 'Melyik amerikai államról nevezték el a krumplibogarat?', 2, 5),
(740, 'Minek a működési elve származik Neumann Jánostól?', 2, 5),
(741, 'Milyen állatot nevezhetnek jerkének?', 2, 5),
(742, 'Hol található II. Szulejmán szultán dzsámija?', 2, 5),
(743, 'Ki a páciense a Marlon Brando alakította pszichiáternek az 1995-ös romantikus vígjátékban?', 2, 5),
(744, 'Kiről vagy miről kapta nevét a mokka nevű kávéfajta?', 2, 5),
(745, 'Melyik épületnév lehet a pincsi előtagja?', 2, 5),
(746, 'Ki nem Dumas három testőrének egyike?', 2, 5),
(747, 'Melyik az ötödik szolmizációs hang?', 2, 5),
(748, 'Hogyan nevezzük a fehér és indián szülők gyermekét?', 2, 5),
(749, 'Melyik tengeren keltek át a zsidók Egyiptomból menekülve?', 2, 5),
(750, 'Miről nevezték el Batman ellenfelét a Tim Burton-féle sorozat első filmjében?', 2, 5),
(751, '"Hogyan kapcsolódik Shakespeare nevéhez a ""Globe""?"', 2, 5),
(752, 'Az alábbi borfajták közül melyik spanyol eredetű?', 2, 5),
(754, 'Mivel jelzik az aszúborok minőségét?', 2, 5),
(755, 'Ki a párja Bochkor Gábornak a Kész átverés-show című műsorban?', 2, 5),
(756, 'Hol volt a legendás rockfesztivál 1969 nyarán?', 2, 5),
(757, 'Ki érkezik Tótékhoz Örkény István művében?', 2, 5),
(758, 'Hová indult az első keresztes hadjárat?', 2, 5),
(759, 'Hol tanított Arany János?', 2, 5),
(760, 'Hányszor imádkozik naponta egy igazhitű muzulmán?', 2, 5),
(761, 'Melyik magyar hegység legmagasabb pontja a Csóványos?', 2, 5),
(762, 'Mikor rendeztek rendkívüli olimpiai játékokat?', 2, 5),
(763, '"Milyen ""magos"" lehet egy tyúk?"', 2, 5),
(764, 'Melyik amerikai szervezet rövidítése a CIA?', 2, 5),
(765, 'Milyen állat a varánusz?', 2, 5),
(766, 'Hogy nevezik az angol parlament felsőházát?', 2, 5),
(767, 'Melyik nem a hét magyar törzs egyike az alábbiak közül?', 2, 5),
(768, 'Az alábbiak közül ki írt színművet Szent Johannáról?', 2, 5),
(769, 'Milyen konyhai művelet az abálás?', 2, 5),
(771, '"Kiről nevezték el a szigorú ítéleteket ""drákói ítéletnek""?"', 2, 5),
(772, 'Hogyan alszik a mély álomban lévő amber a szólás szerint?', 2, 5),
(774, 'Hol született Jézus?', 2, 5),
(775, 'Hová készül a kiskacsa a gyermekdalban?', 2, 5),
(776, 'Hány Celsius-fokon forr a víz?', 2, 5),
(777, 'Kit vagy mit neveznek dácsának?', 2, 5),
(778, 'Melyik halról írt zenedarabot öt hangszerre Schubert?', 2, 5),
(779, 'Melyik név nem ugyanazt a várost jelöli?', 2, 5),
(780, 'Melyik növényt nevezik nősziromnak?', 2, 5),
(781, 'Melyik gyümölcs neve egyezik meg egy marhahúsféleség nevével?', 2, 5),
(782, 'Mi a Portugáliában használt váltópénz neve?', 2, 5),
(784, '"Hogy szól Verne regényének a címe? ""Grant kapitány ..."""', 2, 5),
(786, 'Melyik nem volt a nagy francia forradalom hármas jelszavának egyik tagja?', 2, 5),
(787, 'Hogyan nevezik a középkori kódexek díszes kezdőbetűit?', 2, 5),
(788, 'Milyen hangszergyárat alapított Ignaz Bösendorfer a 19. században?', 2, 5),
(790, 'Melyik országból származott a Nobel-békedíjas Teréz anya?', 2, 5),
(791, 'Melyik megyénkben van Egervár nevű község?', 2, 5),
(792, 'Ki nyerte meg 1999-ben a párizsi Roland Garros tenisztornát?', 2, 5),
(793, 'Minek nem kell cégér a mondás szerint?', 2, 5),
(794, 'Ki volt a XIX. századi történelemből ismert Sobri Jóska?', 2, 5),
(795, '"Melyik történelmi korban játszódik a ""Valahol Európában"" című musical?"', 2, 5),
(796, 'Melyik városunkban van a Storno-ház?', 2, 5),
(797, 'Milyen betegséggel hozható összefüggésbe Szent Balázs neve?', 2, 5),
(798, 'Milyen nemzetiségű volt a Quo Vadis című regény szerzője?', 2, 5),
(799, 'Kik harcoltak a rózsák háborújában?', 2, 5),
(800, 'Hol hasznosítják az ámbráscetekből nyert váladékot?', 2, 5),
(801, 'Melyik együttes tagja volt Sting?', 2, 5),
(802, 'Ki mesélte el Az ezeregyéjszaka meséit?', 2, 5),
(803, 'Az alábbiak közül melyik nem egy rizzsel készített étel neve?', 2, 5),
(805, 'Hogy nevezik a középkori épületek homlokfalából kinyúló vízelvezető csöveket?', 2, 5),
(806, 'Az alábbiak közül melyikkel foglalkoznak az akvaristák?', 2, 5),
(807, 'Melyik főváros nem Ázsiában található?', 2, 5),
(808, 'Melyik torony építésekor keletkezett nyelvzavar?', 2, 5),
(809, '"Melyik ""fészek"" egy sütemény neve?"', 2, 5),
(810, 'Ki a címszereplője Szigligeti Ede vígjátékának?', 2, 5),
(811, 'Mi volt a virágénekek állandó témája?', 2, 5),
(812, 'Kik hordják a szárit?', 2, 5),
(813, 'Hol folyik a Zagyva a Tiszába?', 2, 5),
(814, 'Ki lett Leonyid Brezsnyev utóda a szovjet pártvezetés élén?', 2, 5),
(815, 'Mi Szent Márk szimbóluma a képzőművészeti alkotásokon?', 2, 5),
(816, 'Kit tekintenek a jazzrock megteremtőjének?', 2, 5),
(817, 'Mi a lórum?', 2, 5),
(818, 'Milyen grófnőről írt nagy sikerű operettet Kálmán Imre?', 2, 5),
(819, 'Melyik ország elnöke Fidel Castro?', 2, 5),
(820, 'Mit kérdezett a feldúlt Othello Desdemonától a végzetes tett előtt?', 2, 5),
(822, 'Kik hordták a tógát?', 2, 5),
(823, 'Melyik szent nevét viseli az éjszaka világító bogár?', 2, 5),
(825, 'Ki közvetítette a legendás 6:3-as magyar-angol futballmérkőzést?', 2, 5),
(826, 'Melyik a leggyorsabb rövidtávfutó szárazföldi állat?', 2, 5),
(827, 'Milyen élőlény a susulyka?', 2, 5),
(828, 'Ki borult le a nemzet nagysága előtt?', 2, 5),
(829, '"Melyik operában hangzik fel a ""Méregária""?"', 2, 5),
(830, 'Mit ne halassz holnapra a közmondás szerint?', 2, 5),
(831, '"Milyen ""falatnak"" nevezik a sült vagy főtt baromfi farát?"', 2, 5),
(832, 'Mi a neve az elefántok két ma élő fajának?', 2, 5),
(833, '"Hol látható a ""Tiltott város""?"', 2, 5),
(835, 'Kik jártak át a Sóhajok hídján Velencében?', 2, 5),
(836, 'Hol játszódik Thomas Mann Varázshegy című regénye?', 2, 5),
(837, 'Melyik városban végezte el Christian Barnard professzor az első sikeres emberi szívátültetést?', 2, 5),
(838, 'Ki követte közvetlenül Szent Lászlót a magyar trónon?', 2, 5),
(840, 'Milyen Frédiről énekelt az Omega együttes?', 2, 5),
(841, 'Milyen étel kapta nevét Pálpusztáról?', 2, 5),
(842, 'Ki ölte meg Katona József drámájában Gertrúd királynét?', 2, 5),
(843, 'Hogyan szokás nevezni Széchenyi Istvánt?', 2, 5),
(844, 'Melyik ország diktátora volt Augusto Pinochet?', 2, 5),
(845, 'Hogyan nevezik másképpen a sárgarigót?', 2, 5),
(847, 'Hogyan nevezzük az iszlám szent háborúját?', 2, 5),
(848, 'Mi a rövidítése az Általános Vámtarifa- és Kereskedelmi Egyezménynek?', 2, 5),
(849, 'Melyik olimpián zárták ki a versenyből Ben Johnson kanadai rövidtávfutót doppinghasználat miatt?', 2, 5),
(851, 'Kinek az uralkodása alatt kezdték építeni a római Colosseumot?', 2, 5),
(852, 'Mi a neve a tigrisnek A dzsungel könyvében?', 2, 5),
(854, 'Kinek a pogány neve volt Vajk?', 2, 5),
(855, 'Melyik madár nem rak fészket?', 2, 5),
(856, 'Milyen díjjal jutalmazzák a legjobb filmet a cannes-i filmfesztiválon?', 2, 5),
(857, 'Melyik növénnyel nem áll rokonságban a paradicsom?', 2, 5),
(858, 'Kit neveztek régen egy apa természetes fiának?', 2, 5),
(859, 'Az alábbi élelmiszerek közül melyik szükséges a marinírozáshoz?', 2, 5),
(860, 'A szólás szerint mit csinálnak a nem kívánt kérővel?', 2, 5),
(861, 'Melyik városunkban található atomerőmű?', 2, 5),
(862, 'Mi a hivatalos elnevezése a paraszt nevű sakkfigurának?', 2, 5),
(863, 'Melyik földrész lakói a zuluk?', 2, 5),
(864, 'Melyik szót írtuk le helytelenül?', 2, 5),
(865, 'A felsoroltak közül melyik nem emberszabású majom?', 2, 5),
(867, 'Hol található Magyarországon Kékfestő Múzeum?', 2, 5),
(868, 'Ki kapta az irodalmi Nobel-díjat 1999-ben?', 2, 5),
(869, 'Miért kell a csigának kijönnie a gyerekdal szerint?', 2, 5),
(870, 'Milyen hangszeren játszott Louis Armstrong?', 2, 5),
(871, 'Hogy nevezték az 1947-es magyarországi választásokat?', 2, 5),
(872, 'Kik dolgoznak fixírsóval?', 2, 5),
(873, '"Minek ""asszony a neve"" Hamlet szerint?"', 2, 5),
(875, 'Hogyan nevezték a középkorban a céhen kívüli kézműveseket?', 2, 5),
(876, 'Mennyi az egészséges ember átlagos nyugalmi pulzusszáma?', 2, 5),
(878, 'Kit lestek meg a vének fürdőzés közben a Biblia szerint?', 2, 5),
(879, 'Melyik állat erszényes?', 2, 5),
(880, 'Az alábbiak közül melyik egy Hemingway-regény címe?', 2, 5),
(881, 'Ki ürítette ki a méregpoharat az alábbi ismert személyek közül?', 2, 5),
(882, 'A sörgyártás melyik szakaszát nevezik malátázásnak?', 2, 5),
(885, 'Milyen virágról nevezték el az 1918-as magyar forradalmat?', 2, 5),
(886, 'Mit neveznek régiesen nadálynak?', 2, 5),
(887, 'Ki volt a XVIII. század végén induló nyelvújító mozgalom vezéralakja?', 2, 5),
(889, 'Ki alapította keszthelyi Georgikont?', 2, 5),
(890, 'Melyik budapesti színházunk mutatta be A padlás című musicalt?', 2, 5),
(891, 'Az alábbi filmek közül melyikben nem játszott Latinovits Zoltán?', 2, 5),
(892, 'Hogy nevezik a magyar kártya tök felsőjét?', 2, 5),
(893, 'Ki Tom Sawyer barátja Mark Twain regényében?', 2, 5),
(894, 'Hány éle van egy kockának?', 2, 5),
(895, 'Milyen származású Arnold Schwarzenegger?', 2, 5),
(896, 'Gyalogosok zárt csoportja hol nem haladhat ütemes lépésben a KRESZ szerint?', 2, 5),
(897, 'Az alábbi ételek közül melyik nem kelt tésztából készül?', 2, 5),
(898, 'Melyik állítás nem igaz a sünre?', 2, 5),
(899, 'Milyen állat szerepel Dánia címerében?', 2, 5);
INSERT INTO `question` (`id`, `question`, `id_questiontype`, `id_position`) VALUES
(900, 'Hol van Zrínyi és Frangepán Madarász Viktor festményén?', 2, 5),
(901, 'Kik voltak valójában a mesékből ismert burkusok?', 2, 5),
(904, 'Mi az icce?', 2, 5),
(905, '"Kinek az agyműtétjéről szól az ""Utazás a koponyám körül"" című regény?"', 2, 5),
(907, 'Honnan származik az ikonfestészet?', 2, 5),
(908, 'Ki volt az első magyar kormányzó?', 2, 5),
(909, 'Kik vagy mik a bodobácsok?', 2, 5),
(910, 'Milyen a háta a közös lónak a mondás szerint?', 2, 5),
(912, 'Minek volt a tulajdonosa Landerer Lajos és Heckenast Gusztáv?', 2, 5),
(913, 'Melyik kémiai elem alkotja a levegő nagyobb részét?', 2, 5),
(914, 'Melyik világhírű festmény viseli a Gioconda nevet is?', 2, 5),
(915, 'Kik voltak a summások?', 2, 5),
(916, '"Melyik olasz futball-klub játékosait becézik ""zebráknak""?"', 2, 5),
(917, 'Melyik nép ősi hangszere a kantele?', 2, 5),
(918, 'Milyen típusú zenét játszik az Animal Cannibals nevű együttes?', 2, 5),
(919, 'Hol született Kolumbusz Kristóf?', 2, 5),
(921, 'A sáfrány melyik részéből készítenek fűszert?', 2, 5),
(922, '"Mit jelent a ""piano"" kifejezés?"', 2, 5),
(923, '"Mi a címe Goldie Hawn nagy sikerű vígjátékának: ""Óvakodj ..."""', 2, 5),
(924, 'Melyik bibliai városhoz kötődik a nyelvzavar fogalma?', 2, 5),
(925, 'Hány tejfogunk van?', 2, 5),
(926, 'Melyik történelmi esemény tiszteletére építették a budapesti Hősök terén álló szoborcsoportot?', 2, 5),
(927, 'Hol folyik a Bodrog a Tiszába?', 2, 5),
(928, 'Az alábbi növények közül melyik nem spórával szaporodnak?', 2, 5),
(930, 'Melyik városunkban áll a Gályarabok Emlékoszlopa?', 2, 5),
(932, '"Ki írta a ""Dalok szöveg nélkül"" című zongoraciklust?"', 2, 5),
(934, 'Ki volt a legendás Szabó néni hangja a rádió Szabó család című műsorban?', 2, 5),
(935, '"Melyik országot nevezik az ""ezer tó országának""?"', 2, 5),
(936, 'Ki hozott hírt a magyar királynak a tatár veszedelemről?', 2, 5),
(937, 'Melyik Beethoven egyetlen operája?', 2, 5),
(938, 'Milyen szakállú hercegről írt operát Bartók Béla?', 2, 5),
(939, 'Hogyan nevezik a sakkban a döntetlen egyik formáját?', 2, 5),
(940, 'Melyik városunkban rendezik februárban a busójárást?', 2, 5),
(941, 'Hol lakik Micimackó?', 2, 5),
(942, 'Milyen oroszlánt ne ébresszünk fel a mondás szerint?', 2, 5),
(943, '"Milyen ""automatát"" épített Kempelen Farkas?"', 2, 5),
(944, 'Mi alapján jósolják meg életutunkat az asztrológusok?', 2, 5),
(945, 'Ki volt az utolsó Árpád-házi királyunk?', 2, 5),
(946, 'Ki eszik a zsákmányból legelőszőr egy oroszlánfalkában?', 2, 5),
(947, '"Ki írta ""A négy évszak"" című hegedűverseny-sorozatot?"', 2, 5),
(948, 'Kit nevezünk általában egy csoport doyenjének?', 2, 5),
(950, 'Miről kapta nevét Az elátkozott part című Rejtő-regény egyik főszereplője?', 2, 5),
(952, '"Melyik madár ""bízza"" fiókái kiköltését más madarakra?"', 2, 5),
(953, 'Mi a neve a fényképezőgép felvételre szolgáló lencserendszerének?', 2, 5),
(954, 'Ki a Rolling Stones együttes szólóénekese?', 2, 5),
(955, 'Melyik itáliai városállamot irányították a dózsék?', 2, 5),
(956, 'Az alábbi festménytémák közül melyik lehet pieta?', 2, 5),
(959, 'Milyen madár található Hunyadi Mátyás családi címerében?', 2, 5),
(960, 'Kit vagy mit neveznek laptopnak?', 2, 5),
(961, 'Melyik a legrégibb budapesti híd?', 2, 5),
(962, 'Ki nem volt a kőszívű ember fia?', 2, 5),
(963, 'Ki nyerte meg az első Magyar Nagydíjat a Forma 1-ben?', 2, 5),
(964, 'Milyen mértékegységben mérik az arany finomságát?', 2, 5),
(965, 'Mit ad a kártyajátékosoknak a kibic?', 2, 5),
(966, 'Melyik folyó vezeti le a Balaton vízfeleslegét?', 2, 5),
(967, 'Mi Kanada fővárosa?', 2, 5),
(970, 'Kik voltak az iszlám uralkodók testőrei?', 2, 5),
(972, 'Az alábbiak közül melyik nem nemesgáz?', 2, 5),
(973, 'Hol rendezték 1930-ban az első labdarúgó világbajnokságot?', 2, 5),
(974, 'Az alábbiak közül melyik nyelv tartozik a neolatin nyelvek közé?', 2, 5),
(976, 'Hogy hívják a Háromkirályokat?', 2, 5),
(977, 'Mi akadályozza meg a pályaudvarokon a vasúti kocsik lejutását a vágányról?', 2, 5),
(979, 'Milyen bútorfajta a sublót?', 2, 5),
(980, 'Melyik a legnagyobb testű macskafaj?', 2, 5),
(981, 'Melyik a Föld legmélyebb tava?', 2, 5),
(982, 'Hol rendezték meg az Európai Biztonsági és Együttműködési Értekezletet 1975-ben?', 2, 5),
(984, 'Kinek a regényéből készítette Fábri Zoltán Az ötödik pecsét című filmet?', 2, 5),
(985, 'Miből készült a florentinkalap?', 2, 5),
(986, 'Ki nem adott elő James Bond-film főcímdalt az alábbi híres zenészek közül?', 2, 5),
(987, 'Mit használtak régen az autósok az autó motorjának beindításához?', 2, 5),
(988, 'Melyik rágcsálóról kapta nevét a számítógép egyik tartozéka?', 2, 5),
(989, '"Mi cseng fel ""éj-mélyből"" Weöres Sándor versében?"', 2, 5),
(990, 'Kivel írta közösen Marx a Kommunista Kiáltványt?', 2, 5),
(991, 'Ki nem volt Erdély fejedelme?', 2, 5),
(992, 'Ki tagadta meg háromszor Jézust?', 2, 5),
(993, 'A ruha melyik része a slepp?', 2, 5),
(994, 'Hol látható Magyarországon barokk kőhíd?', 2, 5),
(995, 'Melyik városban alapították az ENSZ-t?', 2, 5),
(996, 'Mit mondunk a béketűrő emberre?', 2, 5),
(997, 'Az alábbiak közül melyik egy kártyajáték neve?', 2, 5),
(998, '"Milyen ""ákác"" szerepel a Szép Ernő-mű címében?"', 2, 5),
(999, 'Mit alapított Pázmány Péter Nagyszombatban?', 2, 5),
(1000, '"Ki örökítette meg Lady Diana emlékét ""Gyertyák a szélben"" című dalával?"', 2, 5),
(1001, 'Milyen menetelésnek nevezik a kínai kommunista hadsereg 1934-1935-ös hadműveletét?', 2, 5),
(1003, 'Kiről írta Dallos Sándor az Aranyecset című életrajzi regényt?', 2, 5),
(1004, 'Hány képviselői hely van a magyar országgyűlésben?', 2, 5),
(1006, 'A népdal szerint mivel van kirakva a szántói híres utca?', 2, 5),
(1007, '"Milyen anyagból készül a ""római tál"" nevű sütőedény?"', 2, 5),
(1008, 'Mi a jegesmedvék fő tápláléka?', 2, 5),
(1009, 'Az alábbi növények közül melyik a mák rokona?', 2, 5),
(1010, 'Melyik sportolónk nyerte a legtöbb egyéni olimpiai bajnokságot?', 2, 5),
(1011, 'Melyik királyunk fulladt a mohácsi csata idején a Csele-patakba?', 2, 5),
(1012, '"Mi a címe a George Clooney főszereplésével készült filmnek: ""Sivatagi ..."""', 2, 5),
(1015, 'A ruha melyik részét hívták pitykének?', 2, 5),
(1016, 'Mi Bajorország fővárosa?', 2, 5);

-- --------------------------------------------------------

--
-- Table structure for table `questiontype`
--

DROP TABLE IF EXISTS `questiontype`;
CREATE TABLE `questiontype` (
  `id` int(11) NOT NULL,
  `name` varchar(45) DEFAULT NULL
) ENGINE=InnoDB DEFAULT CHARSET=utf8;

--
-- Dumping data for table `questiontype`
--

INSERT INTO `questiontype` (`id`, `name`) VALUES
(1, 'checkbox'),
(2, 'radiobutton'),
(3, 'textfield');

-- --------------------------------------------------------

--
-- Table structure for table `result`
--

DROP TABLE IF EXISTS `result`;
CREATE TABLE `result` (
  `id` int(11) NOT NULL,
  `id_user` int(11) DEFAULT NULL,
  `question` varchar(500) DEFAULT NULL,
  `answer` varchar(500) DEFAULT NULL,
  `date` datetime DEFAULT NULL,
  `thinking_time` int(11) NOT NULL,
  `is_correct` bit(1) NOT NULL
) ENGINE=InnoDB DEFAULT CHARSET=utf8;

--
-- Dumping data for table `result`
--

INSERT INTO `result` (`id`, `id_user`, `question`, `answer`, `date`, `thinking_time`, `is_correct`) VALUES
(1, 1, 'What Is the Google Android SDK?', 'I don\'t know.', '2017-01-02 00:00:00', 32, b'0'),
(2, 1, 'What is the Android Architecture?', 'The Android architecture is an architecture :D', '2017-01-02 00:00:00', 41, b'0'),
(3, 1, 'How to pass the data between activities in Android?', 'Content Provider', '2017-01-02 00:00:00', 10, b'0'),
(4, 1, ' What are the layouts available in android?', 'All of above', '2017-01-02 00:00:00', 19, b'1'),
(5, 1, 'What is an activity in Android?', 'Activity performs the actions on the screen', '2017-01-02 00:00:00', 13, b'1');

-- --------------------------------------------------------

--
-- Table structure for table `user`
--

DROP TABLE IF EXISTS `user`;
CREATE TABLE `user` (
  `id` int(11) NOT NULL,
  `name` varchar(45) DEFAULT NULL,
  `phone` varchar(20) DEFAULT NULL,
  `email` varchar(45) DEFAULT NULL,
  `id_position` int(11) DEFAULT NULL
) ENGINE=InnoDB DEFAULT CHARSET=utf8;

--
-- Dumping data for table `user`
--

INSERT INTO `user` (`id`, `name`, `phone`, `email`, `id_position`) VALUES
(1, 'Teszt Elek', '+40712345678', 'tesztelek@email.com', 1);

--
-- Indexes for dumped tables
--

--
-- Indexes for table `answer`
--
ALTER TABLE `answer`
  ADD PRIMARY KEY (`id`),
  ADD KEY `fk_question_idx` (`id_question`);

--
-- Indexes for table `owners`
--
ALTER TABLE `owners`
  ADD PRIMARY KEY (`username`),
  ADD KEY `nameprivileges_idx` (`privilege`);

--
-- Indexes for table `position`
--
ALTER TABLE `position`
  ADD PRIMARY KEY (`id`);

--
-- Indexes for table `privileges`
--
ALTER TABLE `privileges`
  ADD PRIMARY KEY (`idprivileges`),
  ADD UNIQUE KEY `nameprivileges_UNIQUE` (`nameprivileges`),
  ADD UNIQUE KEY `idprivileges_UNIQUE` (`idprivileges`);

--
-- Indexes for table `question`
--
ALTER TABLE `question`
  ADD PRIMARY KEY (`id`),
  ADD KEY `fk_position_idx` (`id_position`),
  ADD KEY `fk_.qustiontype_idx` (`id_questiontype`);

--
-- Indexes for table `questiontype`
--
ALTER TABLE `questiontype`
  ADD PRIMARY KEY (`id`);

--
-- Indexes for table `result`
--
ALTER TABLE `result`
  ADD PRIMARY KEY (`id`),
  ADD KEY `fk_users_idx` (`id_user`);

--
-- Indexes for table `user`
--
ALTER TABLE `user`
  ADD PRIMARY KEY (`id`),
  ADD KEY `fk_position_idx` (`id_position`);

--
-- AUTO_INCREMENT for dumped tables
--

--
-- AUTO_INCREMENT for table `privileges`
--
ALTER TABLE `privileges`
  MODIFY `idprivileges` int(11) NOT NULL AUTO_INCREMENT, AUTO_INCREMENT=3;
--
-- AUTO_INCREMENT for table `question`
--
ALTER TABLE `question`
  MODIFY `id` int(11) NOT NULL AUTO_INCREMENT, AUTO_INCREMENT=1017;
--
-- Constraints for dumped tables
--

--
-- Constraints for table `answer`
--
ALTER TABLE `answer`
  ADD CONSTRAINT `fk_question` FOREIGN KEY (`id_question`) REFERENCES `question` (`id`) ON DELETE CASCADE ON UPDATE CASCADE;
SET FOREIGN_KEY_CHECKS=1;

/*!40101 SET CHARACTER_SET_CLIENT=@OLD_CHARACTER_SET_CLIENT */;
/*!40101 SET CHARACTER_SET_RESULTS=@OLD_CHARACTER_SET_RESULTS */;
/*!40101 SET COLLATION_CONNECTION=@OLD_COLLATION_CONNECTION */;
